group_1767,EC:3.4.23.44/0.0001,EC:3.1.21.1/0.0001
group_5092,EC:2.4.2.31/0.0008,EC:3.2.2.5/0.0006
group_2282,EC:3.1.3.84/0.0000
group_5313,EC:6.2.1.14/0.0005
group_8971,EC:3.1.21.4/0.6402
group_5542,EC:4.2.1.104/0.0002,EC:1.12.1.2/0.0001
group_1680,EC:3.2.2.17/0.0433
group_3686,EC:6.2.1.14/0.1678
group_5488,EC:3.2.2.17/0.0005
group_6740,EC:3.1.21.1/0.0000
group_6481,EC:3.6.4.12/0.0059,EC:3.1.21.4/0.0053
nrdA_2,EC:1.17.4.1/0.5925,EC:1.17.4.2/0.3482
nrdB_2,EC:1.17.4.1/0.6570
group_4639,EC:6.3.3.5/0.0000
group_5559,EC:3.1.21.4/0.0054
group_1280,EC:2.4.2.31/0.0008
group_3077,EC:4.2.1.2/0.0405
group_5501,EC:5.4.99.5/0.0023
group_3361,EC:2.7.1.67/0.0000
group_6334,EC:3.5.4.6/0.0032,EC:1.12.1.2/0.0030
group_7088,EC:2.1.1.294/0.0040,EC:2.7.1.181/0.0040
group_6820,EC:3.1.21.4/0.0227
group_94,EC:1.8.5.2/0.0001
group_2370,EC:1.16.1.7/0.0008
group_6036,EC:3.4.23.43/0.0001
group_8071,EC:3.2.2.22/0.0003
group_2368,EC:3.4.23.44/0.0000
group_5372,EC:2.7.1.176/0.0006,EC:2.3.2.27/0.0004
group_6037,EC:2.4.1.305/0.0001
group_8972,EC:3.1.21.4/0.0018
group_8973,EC:3.6.1.15/0.0018,EC:6.5.1.1/0.0014
group_8974,EC:2.1.1.72/0.9260
group_4089,EC:3.2.2.22/0.0000
group_8975,EC:3.4.24.58/0.0097
group_5499,EC:2.7.13.3/0.0002
group_8977,EC:3.1.21.4/0.0001
group_8976,EC:1.14.16.2/0.0001
group_7588,EC:5.1.3.20/0.9983
group_8978,EC:3.1.1.4/0.0210
group_8979,EC:2.7.13.3/0.0002,EC:3.6.4.12/0.0002,EC:2.7.11.2/0.0001
group_8980,EC:3.1.21.4/0.2808
group_7027,EC:6.2.1.14/0.0677
yfcQ,EC:3.2.2.22/0.0000,EC:3.2.1.35/0.0000
group_7990,EC:3.1.1.14/0.0001
group_1753,EC:3.2.2.22/0.1942
group_5932,EC:3.5.1.2/0.0000
group_6917,EC:2.1.1.72/0.0002
group_8981,EC:2.1.1.86/0.0000
cdiA4_1,EC:3.2.1.17/0.0003,EC:1.1.2.7/0.0002
group_2243,EC:4.2.1.104/0.0000
group_5673,EC:1.14.14.1/0.0002
group_8982,EC:3.1.21.4/0.9089
group_8983,EC:1.14.13.25/0.0231
yhcA,EC:3.4.21.88/0.0000
group_95,EC:4.7.1.1/0.0148
group_3557,EC:3.1.3.16/0.4187
emrE_2,EC:1.2.1.3/0.0007
ant1,EC:2.7.7.47/0.9923
group_6206,EC:1.14.13.244/0.0077
group_8984,EC:2.4.1.198/0.0000
group_8985,EC:2.4.1.198/0.0001
group_6636,EC:3.1.1.4/0.0169
group_8986,EC:3.2.2.22/0.0025,EC:4.2.3.185/0.0015
nohA,EC:3.6.4.12/0.0308
group_3248,EC:3.4.23.2/0.0021
parM,EC:2.5.1.131/0.0000
group_7774,EC:1.18.1.3/0.0003
group_4419,EC:4.6.1.16/0.0000
group_5895,EC:2.7.13.3/0.0011
group_5933,EC:3.1.1.4/0.0257
group_5437,EC:4.2.1.147/0.0008,EC:2.1.1.86/0.0007
group_8987,EC:3.1.21.4/0.0005
group_8988,EC:3.1.21.4/0.0055
group_8989,EC:3.1.21.4/0.0001
group_8990,EC:3.1.21.4/0.0081
group_8992,EC:2.7.7.65/0.0228
group_8991,EC:1.11.1.1/0.0000
group_8993,EC:3.6.4.12/0.0138
papB,EC:1.14.15.6/0.0005
group_8995,EC:3.1.21.4/0.0015
group_8994,EC:1.3.7.5/0.0006
group_8996,EC:3.1.1.4/0.0041
group_8997,EC:2.7.7.n1/0.0066
group_8998,EC:3.1.1.5/0.0000
group_7245,EC:5.1.3.2/0.9930
group_6635,EC:2.4.1.306/0.6523
group_6499,EC:2.4.1.306/0.5255
group_6582,EC:2.4.1.292/0.0001
group_8999,EC:2.4.1.60/0.0149
group_9000,EC:2.7.13.3/0.0519
group_9001,EC:3.2.2.5/0.0105
group_9002,EC:2.7.7.49/0.0111
group_9003,EC:2.4.1.270/0.0000
group_7684,EC:2.3.1.57/0.1413
uxaA_3,EC:4.2.1.42/0.6089
group_405,EC:4.1.2.51/0.6947
group_9004,EC:1.2.4.1/0.0042,EC:1.11.1.7/0.0031
group_7168,EC:3.1.1.4/0.0056
group_6180,EC:1.3.7.2/0.0000
group_2110,EC:5.3.3.7/0.0000,EC:1.18.1.1/0.0000
group_5830,EC:3.2.2.22/0.0016
group_9005,EC:2.1.1.86/0.0399
group_9006,EC:3.2.1.129/0.0006
group_6174,EC:3.1.21.4/0.0027
cytR_1,EC:1.1.1.325/0.0000
group_5353,EC:2.4.1.293/0.0000
yihV_2,EC:2.7.1.223/0.0773,EC:2.7.1.4/0.0444
group_9008,EC:3.1.1.32/0.0130
group_9009,EC:3.2.1.37/0.0295
group_9007,EC:3.1.1.4/0.0145
sacA_1,EC:3.2.1.26/0.9788
lacY_2,EC:7.5.2.5/0.0045
group_9010,EC:4.1.1.87/0.0000
group_9011,EC:3.4.21.74/0.0139,EC:3.4.24.50/0.0121
group_6609,EC:3.1.21.4/0.2829
group_5819,EC:3.1.21.4/0.9101
dcm_2,EC:2.1.1.37/0.9912
group_6475,EC:2.1.1.72/0.0013
group_7156,EC:2.7.13.3/0.0001,EC:2.4.2.3/0.0001
group_1682,EC:3.2.2.5/0.0000
group_6276,EC:4.2.1.2/0.0006
group_9012,EC:3.4.24.50/0.5084
atoD_2,EC:2.8.3.5/0.9575
atoA_2,EC:2.8.3.5/0.8645
yqeF_2,EC:2.3.1.9/0.9839
paaH_2,EC:1.1.1.157/0.1216,EC:1.2.1.100/0.0571
group_4634,EC:7.2.4.2/0.0000,EC:2.3.1.61/0.0000
ucpA_2,EC:1.1.1.30/0.0690
group_9013,EC:3.2.2.6/0.4727
icd_1,EC:1.1.1.1/0.0002
group_6208,EC:3.1.1.14/0.0101
cai,EC:3.2.1.102/0.0000
group_9015,EC:1.3.7.5/0.1032
group_9014,EC:4.2.3.38/0.0271
group_9016,EC:2.7.13.3/0.0001
group_9017,EC:2.1.1.86/0.0480
group_3374,EC:2.1.1.148/0.0400
group_9018,EC:3.2.1.4/0.0041,EC:1.11.1.7/0.0031
group_9019,EC:3.1.21.4/0.3449
group_1981,EC:3.2.2.5/0.7731
group_3688,EC:3.1.21.4/0.0000
group_4640,EC:3.4.21.102/0.0001
group_7024,EC:1.1.1.144/0.0000
group_9020,EC:4.2.1.152/0.0003
group_6022,EC:5.5.1.8/0.0000,EC:4.2.3.116/0.0000
pkn1_1,EC:3.4.24.58/0.0000,EC:3.4.24.7/0.0000
group_1477,EC:2.4.2.31/0.1419
group_4179,EC:4.2.1.2/0.0012
group_240,EC:2.7.7.48/0.0001
group_6162,EC:3.2.2.5/0.6626
sadB,EC:3.1.21.4/0.0006
group_7434,EC:3.2.2.22/0.0251
group_9021,EC:3.1.3.83/0.0005
group_9022,EC:2.7.7.103/0.2148
group_1224,EC:2.4.2.31/0.0002,EC:3.2.2.5/0.0001
group_5000,EC:2.7.7.6/0.0005,EC:2.5.1.9/0.0004,EC:2.7.11.1/0.0004,EC:3.1.21.4/0.0004
group_1392,EC:3.1.21.4/0.0069
group_2525,EC:2.6.1.78/0.0002
ompC_2,EC:3.1.1.32/0.0007
group_9023,EC:4.2.3.104/0.0102
xerD_2,EC:2.3.1.48/0.0005
sfaA,EC:3.1.1.14/0.0012
group_2358,EC:2.7.7.7/0.0006,EC:2.7.7.49/0.0004
macA_2,EC:2.1.1.210/0.0000,EC:2.4.1.198/0.0000,EC:3.4.21.107/0.0000
group_5263,EC:6.4.1.9/0.0000
rpnB_2,EC:2.7.7.n1/0.0002
group_5975,EC:3.4.21.88/0.0005
group_4998,EC:2.3.1.48/0.0009
group_9024,EC:4.2.1.2/0.0015
group_9027,EC:3.1.21.4/0.0593
group_9031,EC:3.1.2.2/0.0000,EC:2.7.1.23/0.0000,EC:2.5.1.18/0.0000
group_9036,EC:4.2.1.139/0.0000
yfdK_1,EC:4.3.99.4/0.0000
oatA,EC:2.4.1.212/0.0000
group_1684,EC:3.2.2.22/0.0089
yfcP,EC:3.2.2.22/0.0000,EC:3.2.1.35/0.0000
group_1514,EC:3.2.2.22/0.0000
group_1060,EC:3.5.1.28/0.0000,EC:3.2.1.81/0.0000
fimB_4,EC:2.1.1.72/0.0003
group_545,EC:4.2.1.2/0.0005
group_9039,EC:4.3.2.2/0.0020,EC:4.2.1.2/0.0017
group_9038,EC:4.2.1.2/0.0103
group_582,EC:2.7.13.3/0.1750
group_5439,EC:2.3.1.54/0.0000
group_2703,EC:3.1.21.4/0.0182
group_321,EC:2.1.1.72/0.0194
group_9040,EC:2.7.13.3/0.0001
group_3703,EC:3.1.21.4/0.1993
vioB,EC:2.3.1.209/0.0466
group_5265,EC:7.5.2.3/0.0001,EC:2.7.13.3/0.0001
group_8162,EC:2.4.1.305/0.0000
group_9041,EC:2.4.1.306/0.0364
group_9042,EC:6.3.2.20/0.0000,EC:2.3.1.250/0.0000
group_9043,EC:2.4.1.56/0.0047
group_7241,EC:1.14.15.6/0.0003,EC:2.7.7.48/0.0003
group_7072,EC:2.7.13.3/0.0014
group_7287,EC:3.1.21.4/0.0003
ybgD_2,EC:1.16.1.7/0.0001
group_7807,EC:2.4.2.6/0.0098
group_5001,EC:2.1.1.271/0.0000
group_5440,EC:5.4.4.8/0.0000,EC:1.13.11.9/0.0000
araG_2,EC:3.6.4.12/0.0001,EC:2.7.1.193/0.0001
group_5314,EC:3.1.12.1/0.0006
group_4725,EC:1.5.1.44/0.0000,EC:1.3.1.1/0.0000
group_6996,EC:2.1.1.86/0.0001
group_1955,EC:3.1.21.4/0.0000,EC:4.2.3.133/0.0000
group_5266,EC:3.1.21.4/0.0010
group_5681,EC:1.14.13.244/0.0368
group_1273,EC:3.5.3.4/0.0000
group_6433,EC:3.1.21.4/0.0534
ykfG,EC:3.1.4.16/0.0022,EC:3.1.4.17/0.0011,EC:3.4.19.15/0.0008
group_4548,EC:2.3.1.75/0.0000,EC:2.3.1.42/0.0000,EC:3.1.11.5/0.0000
group_3986,EC:3.1.21.4/0.0107
group_1691,EC:3.1.1.53/0.0039
group_1790,EC:4.2.1.152/0.0000
group_412,EC:5.2.1.8/0.0000
group_7323,EC:2.3.1.263/0.0073,EC:3.4.23.2/0.0046,EC:2.5.1.151/0.0038,EC:1.16.1.6/0.0038
group_3215,EC:5.3.3.7/0.0008
group_7934,EC:3.2.1.129/0.0000
group_2159,EC:2.7.7.6/0.0020
group_5682,EC:5.4.99.5/0.0001
group_9045,EC:3.2.2.22/0.0094
group_9044,EC:3.1.21.4/0.0021
group_2816,EC:3.2.2.22/0.0000
acpP_3,EC:2.7.1.191/0.0006
group_6256,EC:4.2.1.59/0.0201
group_3457,EC:3.1.26.5/0.0087
group_2514,EC:7.6.2.2/0.0001
group_2360,EC:1.4.3.2/0.0019
group_3216,EC:1.3.1.25/0.0000
group_7180,EC:3.1.21.4/0.0021
group_3458,EC:3.4.21.32/0.0011
fimG_2,EC:3.1.1.14/0.0000
group_9046,EC:3.1.21.4/0.0014
group_242,EC:3.1.1.4/0.0325
group_9049,EC:2.3.1.48/0.0022
group_4231,EC:2.7.7.6/0.0001
group_9051,EC:1.15.1.1/0.0020,EC:1.14.14.122/0.0019
group_9053,EC:3.2.2.22/0.0132
group_9050,EC:1.12.1.2/0.0003,EC:6.4.1.8/0.0002,EC:4.1.1.4/0.0002
group_9052,EC:1.14.13.25/0.0001
group_3553,EC:3.5.1.122/0.0000
group_3794,EC:4.2.3.167/0.0020,EC:4.2.3.168/0.0015
group_9054,EC:3.4.21.88/0.0001
group_9055,EC:2.3.1.48/0.0009
group_9056,EC:2.3.1.263/0.0000
group_5489,EC:6.4.1.6/0.0000
group_76,EC:2.7.7.7/0.0025,EC:3.1.21.4/0.0016,EC:5.2.1.8/0.0015
group_5375,EC:4.7.1.1/0.0014
group_7158,EC:1.4.3.2/0.0134
group_5989,EC:4.2.1.32/0.0001
group_4180,EC:4.4.1.20/0.0900
group_5354,EC:4.2.1.2/0.0022
group_6277,EC:2.5.1.9/0.0011
group_9057,EC:3.1.21.4/0.0000
group_9058,EC:3.4.24.50/0.0321
dgt_1,EC:3.1.5.1/0.7279
group_9060,EC:2.1.1.72/0.0807
ogg,EC:4.2.99.18/0.0263
group_9059,EC:3.4.21.32/0.0000
group_9064,EC:6.3.4.20/0.0000
group_9065,EC:2.7.1.64/0.0001
group_9061,EC:3.2.2.22/0.0009,EC:2.7.7.48/0.0006
group_9066,EC:2.3.1.158/0.0017
group_9063,EC:2.7.4.6/0.0000
group_9062,EC:2.4.2.31/0.0002
group_9068,EC:1.12.2.1/0.0020
mazE_1,EC:2.7.7.106/0.0001
ninE,EC:1.4.3.2/0.0029
group_6744,EC:4.7.1.1/0.0304
group_4423,EC:2.3.1.48/0.0001
group_9069,EC:3.4.21.88/0.0054
group_937,EC:3.5.1.56/0.0000,EC:3.3.1.2/0.0000
group_5441,EC:4.7.1.1/0.0000
group_1282,EC:4.2.3.167/0.0000,EC:4.2.3.168/0.0000
group_901,EC:3.1.21.4/0.8792
group_7924,EC:4.1.1.83/0.0001
group_5347,EC:6.3.1.9/0.0000
intD,EC:5.6.2.1/0.0000
group_3262,EC:2.4.1.305/0.9855
group_6583,EC:2.4.1.256/0.0000
group_5423,EC:6.2.1.35/0.0000
group_1773,EC:3.6.4.12/0.1025
group_9070,EC:1.2.1.9/0.0000
group_9078,EC:3.1.1.4/0.0005
group_9090,EC:3.4.21.12/0.0876
group_6683,EC:2.4.2.31/0.0002,EC:3.1.3.78/0.0002,EC:2.7.7.6/0.0001
group_3133,EC:3.2.2.5/0.0052,EC:2.4.2.31/0.0018
group_4303,EC:2.1.1.86/0.0011
ymfR,EC:2.1.1.86/0.0002
group_7436,EC:3.4.22.15/0.0311
group_2526,EC:2.7.7.6/0.0065,EC:5.2.1.8/0.0063
group_6061,EC:4.7.1.1/0.0100
group_696,EC:3.1.21.4/0.2883
group_33,EC:2.4.2.31/0.0341,EC:3.2.2.5/0.0337
group_7848,EC:2.7.7.49/0.1852
group_9091,EC:3.1.21.4/0.1104
group_9100,EC:1.14.13.244/0.0014
group_9102,EC:2.1.1.72/0.0004
group_9092,EC:2.1.1.265/0.0002
group_9110,EC:3.4.21.88/0.0000
group_9101,EC:3.1.21.4/0.0002
group_9095,EC:4.2.1.2/0.0022
group_9108,EC:4.2.3.38/0.0176,EC:1.12.1.2/0.0118,EC:4.2.1.2/0.0091
group_9104,EC:3.1.21.4/0.0000,EC:3.1.26.5/0.0000
group_499,EC:3.1.21.4/0.0459
group_2154,EC:3.1.21.4/0.0515
group_9115,EC:3.1.21.4/0.5801
group_9121,EC:3.1.1.14/0.0003
group_9118,EC:2.3.1.39/0.0001,EC:1.1.1.212/0.0000
group_9116,EC:2.3.1.269/0.1926
mrkD,EC:3.5.1.28/0.0001
group_9120,EC:2.3.2.28/0.0000
ycgR_2,EC:6.2.1.14/0.0007
frlD_2,EC:2.7.1.4/0.7452
group_6183,EC:1.3.7.3/0.0001
group_1634,EC:1.16.3.1/0.1643
group_349,EC:3.6.4.13/0.0014
group_5683,EC:3.4.24.58/0.0430
group_2602,EC:4.6.1.18/0.0100
group_3363,EC:3.4.24.83/0.0045
group_3597,EC:2.1.1.72/0.0102
mltB_2,EC:4.2.2.n1/0.0076
group_9122,EC:3.6.4.12/0.0053
group_8245,EC:4.1.1.4/0.0001
acpP_1,EC:2.7.1.191/0.0007
sfmM2,EC:2.7.7.81/0.0000
group_4588,EC:2.7.11.14/0.0000
ulaA_3,EC:2.1.1.86/0.0001
yiiX,EC:3.4.14.13/0.0000
group_7926,EC:2.7.7.6/0.0001
group_969,EC:2.3.2.19/0.0145
group_7630,EC:3.4.24.50/0.0373,EC:3.1.1.4/0.0360,EC:3.1.1.32/0.0340
group_5947,EC:2.5.1.83/0.1640
intA_3,EC:5.6.2.1/0.0000
group_5846,EC:2.1.1.148/0.0114
group_5984,EC:3.1.21.4/0.0020
group_7994,EC:2.5.1.84/0.0000,EC:2.7.7.6/0.0000
ligA_2,EC:2.7.7.7/0.0004
group_5006,EC:1.5.1.44/0.0000
group_1636,EC:2.4.2.3/0.0000
group_5355,EC:3.4.24.50/0.0041
srlA_2,EC:2.1.1.86/0.0002,EC:7.2.4.2/0.0002
srlB_2,EC:1.3.7.5/0.0000
srlE_2,EC:2.7.1.198/0.7841
ycjS,EC:1.1.1.312/0.0001
group_6102,EC:3.1.21.4/0.2624
ulaD_2,EC:4.1.2.43/0.9711
group_7169,EC:5.3.1.27/0.9972
pgiA,EC:5.3.1.15/0.0001
sgrR_1,EC:3.1.1.109/0.0002
group_8074,EC:1.5.1.3/0.7875
group_7149,EC:3.1.21.4/0.0077
group_6458,EC:5.6.2.2/0.0006
group_5561,EC:2.7.7.49/0.3068
group_2162,EC:4.2.3.38/0.0001
group_1517,EC:1.3.7.3/0.2306
group_7781,EC:3.6.1.23/0.0000,EC:3.1.1.29/0.0000
group_9123,EC:2.6.1.1/0.0136
group_9124,EC:3.1.1.4/0.0223
group_9125,EC:2.1.1.72/0.0005
group_9126,EC:5.6.2.1/0.0002
group_6059,EC:3.4.24.50/0.0020
group_7498,EC:2.4.1.335/0.0000,EC:2.4.1.287/0.0000,EC:2.4.1.356/0.0000
group_6527,EC:2.7.13.3/0.0000
nanY,EC:1.1.1.361/0.0000
group_7437,EC:3.4.24.50/0.1765
group_2819,EC:4.2.3.195/0.0004
group_3715,EC:3.1.21.4/0.0004
group_8075,EC:3.1.21.4/0.0007
group_8187,EC:2.3.2.22/0.0018,EC:2.4.2.31/0.0012
group_1775,EC:6.5.1.3/0.0000
group_744,EC:3.1.26.5/0.0000
group_7269,EC:2.7.8.7/0.0000
group_2249,EC:4.1.1.102/0.0000
group_3218,EC:1.11.1.7/0.0563
group_9127,EC:3.1.21.4/0.0000
group_5573,EC:2.4.1.32/0.0000
epsH_1,EC:3.1.1.97/0.0001
bshA,EC:2.4.1.306/0.1790
group_9129,EC:3.2.2.5/0.4928
group_9128,EC:3.1.21.4/0.0157
group_6210,EC:1.8.1.9/0.0011
group_4861,EC:3.6.4.13/0.0001,EC:3.6.4.12/0.0001
group_7001,EC:3.1.1.88/0.0000,EC:3.1.1.1/0.0000
group_6745,EC:4.1.1.102/0.0002
rzpD_2,EC:1.8.3.2/0.0000
group_8230,EC:2.7.7.88/0.0002,EC:2.1.1.375/0.0002
group_5684,EC:2.6.1.1/0.0064
group_6821,EC:4.2.3.104/0.0115,EC:5.4.99.5/0.0096
group_4302,EC:6.2.1.14/0.0770
group_9130,EC:2.7.13.3/0.0021,EC:3.1.1.32/0.0018
group_2250,EC:3.4.23.44/0.0004
group_6989,EC:1.4.3.2/0.0399,EC:3.1.1.4/0.0307
rzpD_3,EC:1.8.1.9/0.0000
group_6373,EC:2.7.7.48/0.0000
group_4770,EC:3.6.4.12/0.6310
group_5685,EC:3.4.24.50/0.0012
group_2163,EC:3.2.2.22/0.0003
group_6130,EC:4.2.1.81/0.0029
group_9149,EC:2.1.1.86/0.0260
group_9134,EC:3.2.1.129/0.0004
group_9135,EC:2.1.1.57/0.0004
group_9132,EC:3.1.21.1/0.0383
group_9133,EC:3.2.1.129/0.8398
group_9139,EC:3.1.1.29/0.0002
group_9156,EC:4.2.1.2/0.0163,EC:4.1.1.63/0.0102
group_9162,EC:6.2.1.14/0.1485
group_9171,EC:2.7.13.3/0.0018
group_9154,EC:3.1.21.4/0.0019
group_9153,EC:3.2.2.5/0.5136
group_9158,EC:2.4.2.31/0.0118
group_9172,EC:7.1.1.9/0.0086
group_9173,EC:2.1.1.37/0.8951
group_9174,EC:3.2.2.27/0.0001
group_9175,EC:2.8.4.1/0.0000
group_4426,EC:4.1.1.83/0.0000
group_3,EC:2.7.7.6/0.0000,EC:2.5.1.90/0.0000
group_6885,EC:3.1.1.107/0.0005
group_7544,EC:3.1.21.4/0.0004
group_5348,EC:4.2.1.2/0.0000
group_5103,EC:3.2.2.5/0.2806
group_4232,EC:3.1.21.4/0.0255
group_9176,EC:2.1.1.148/0.0195
group_9177,EC:2.4.2.31/0.0193
group_2156,EC:3.1.21.4/0.7250
group_5384,EC:3.1.21.4/0.0377
group_1518,EC:3.5.1.56/0.0003
group_6926,EC:2.7.2.7/0.0000,EC:6.2.1.14/0.0000,EC:2.7.2.1/0.0000
group_9178,EC:2.7.10.1/0.0016,EC:2.7.10.2/0.0010
group_9179,EC:3.1.21.9/0.0005
group_9180,EC:1.4.3.2/0.0278
group_6477,EC:1.3.7.15/0.0001
group_1454,EC:3.6.1.31/0.0004
group_6585,EC:1.4.3.16/0.0000
group_9182,EC:4.2.3.38/0.0000
group_9181,EC:2.4.2.31/0.0933
group_1965,EC:4.2.1.2/0.0261
group_9186,EC:2.4.1.58/0.0013
group_9185,EC:2.1.1.64/0.0000,EC:2.1.1.222/0.0000,EC:2.4.1.58/0.0000
group_9184,EC:2.5.1.17/0.0000
group_9183,EC:2.7.13.3/0.0000
group_7890,EC:1.4.9.1/0.0002
group_7150,EC:2.7.3.2/0.0000
intZ_4,EC:5.6.2.1/0.0000
group_5378,EC:3.2.2.22/0.0005
group_8232,EC:3.3.1.2/0.0000
group_9188,EC:2.7.13.3/0.0000
group_191,EC:1.1.1.176/0.0000
group_4026,EC:2.7.7.48/0.0000
group_1278,EC:3.2.1.2/0.0000
group_6479,EC:2.7.7.48/0.0000
group_5447,EC:4.2.1.28/0.0012
group_6965,EC:1.14.13.244/0.0000
group_3324,EC:2.4.2.31/0.0000
group_2331,EC:2.7.1.21/0.0000
group_7581,EC:3.6.4.12/0.0184
group_6612,EC:1.8.98.2/0.0001
group_4319,EC:3.1.21.1/0.0009,EC:3.4.23.44/0.0008
group_6067,EC:1.8.98.2/0.0000,EC:3.6.1.9/0.0000
group_5686,EC:1.12.99.6/0.0004
group_1794,EC:1.14.13.25/0.0144
group_7891,EC:3.2.1.17/0.0051
group_8093,EC:2.2.1.2/0.0000
group_5379,EC:4.2.1.81/0.0000
group_6560,EC:1.4.3.2/0.0080,EC:1.12.1.2/0.0068
group_548,EC:5.4.3.5/0.0000
group_5745,EC:2.1.1.368/0.0012
group_6825,EC:3.1.21.10/0.0003
group_5141,EC:6.4.1.6/0.0029
group_5618,EC:3.4.21.88/0.0568
group_5712,EC:4.2.3.8/0.0000
group_2528,EC:4.2.3.17/0.0013
group_5675,EC:3.1.21.4/0.0001,EC:2.5.1.151/0.0001,EC:1.16.1.6/0.0001,EC:1.14.13.244/0.0001
group_9189,EC:2.1.1.86/0.0264
group_1607,EC:1.2.1.58/0.0002
group_247,EC:2.7.7.48/0.0001
group_1980,EC:2.7.7.48/0.0001
group_6103,EC:3.4.24.58/0.0001,EC:1.15.1.1/0.0000
group_7363,EC:2.4.2.31/0.0030
tnsA,EC:3.1.21.4/0.0000
tnsC,EC:3.6.4.12/0.0018
group_3581,EC:2.1.1.148/0.0001
tnsE,EC:3.4.22.45/0.1184
group_7352,EC:1.4.3.2/0.0075
group_5746,EC:2.1.1.148/0.2684
group_5897,EC:1.14.13.128/0.0011
group_879,EC:3.2.2.22/0.0326,EC:2.3.2.13/0.0266
wecD,EC:2.3.1.57/0.0003,EC:2.3.1.82/0.0001
group_9190,EC:2.7.11.14/0.0000
group_3693,EC:3.1.21.4/0.2751
group_1250,EC:3.6.5.5/0.0006
group_8164,EC:3.1.21.4/0.0008
group_9191,EC:2.7.7.88/0.0000,EC:2.1.1.375/0.0000,EC:3.1.3.2/0.0000,EC:2.3.1.283/0.0000,EC:2.3.1.28/0.0000
group_6844,EC:3.1.21.4/0.1947
group_6613,EC:3.1.21.4/0.2069
group_5776,EC:4.2.1.2/0.8041
group_6652,EC:4.2.1.2/0.0013
espP,EC:3.1.1.32/0.0013,EC:1.16.1.9/0.0010
group_9192,EC:1.14.15.32/0.0003
group_9193,EC:2.7.7.6/0.0000
group_9194,EC:3.1.21.4/0.0053,EC:3.1.21.10/0.0038
group_6981,EC:4.7.1.1/0.0000
group_6561,EC:4.2.2.7/0.0000
group_9195,EC:3.4.21.12/0.0400
group_9196,EC:4.2.1.2/0.0229
group_9202,EC:1.14.14.52/0.0000
group_9213,EC:4.2.3.9/0.0065
group_6000,EC:6.4.1.8/0.0075
group_9226,EC:2.1.1.113/0.0002
group_9222,EC:2.4.2.6/0.0002
group_9227,EC:2.1.1.72/0.7647
group_9229,EC:6.2.1.14/0.0004,EC:1.3.7.5/0.0003
group_9228,EC:3.5.1.135/0.0001
group_9223,EC:1.14.13.244/0.0000,EC:1.14.13.25/0.0000
group_9225,EC:1.4.3.2/0.0038,EC:3.1.1.32/0.0029
group_9224,EC:4.1.1.44/0.0004
group_5506,EC:4.1.99.2/0.0000
group_5442,EC:4.2.1.81/0.0005
group_4592,EC:1.3.7.8/0.0000,EC:1.3.99.n1/0.0000
group_5815,EC:3.1.21.4/0.0217
group_1967,EC:1.14.13.244/0.0046
araB_2,EC:2.7.1.47/0.0029,EC:2.7.1.17/0.0017
cra_2,EC:4.2.1.75/0.0000
cueR,EC:2.3.1.39/0.0229
group_5386,EC:2.7.13.3/0.0051
mdtG_2,EC:2.1.1.104/0.0136
group_9230,EC:2.7.7.48/0.0000
rbsC_1,EC:3.1.1.102/0.0000,EC:2.7.10.1/0.0000
pseB,EC:4.2.1.115/0.7792
group_9233,EC:2.6.1.92/0.1299
group_9231,EC:2.7.7.81/0.8371
group_9232,EC:1.1.1.405/0.0021,EC:3.6.1.57/0.0021
pseI,EC:2.5.1.97/0.3194
group_9234,EC:2.4.1.60/0.0000
group_9235,EC:2.4.1.325/0.0000,EC:2.4.99.6/0.0000,EC:5.5.1.19/0.0000,EC:2.5.1.32/0.0000
group_9236,EC:2.4.2.47/0.0000
group_6819,EC:2.4.2.31/0.0002
group_1393,EC:3.2.2.22/0.0280
group_9237,EC:3.2.1.14/0.0160
group_9238,EC:5.3.3.12/0.0007
group_9239,EC:5.4.99.5/0.3478
group_9240,EC:3.2.1.35/0.0789
group_9241,EC:1.14.13.25/0.0024
group_9244,EC:1.3.7.5/0.0488
group_6990,EC:4.1.1.22/0.0009
group_9245,EC:3.5.1.56/0.0002
group_9246,EC:2.7.7.48/0.0001,EC:3.1.21.4/0.0001
group_8235,EC:1.14.13.130/0.0001
group_9247,EC:3.2.2.22/0.0077
group_9251,EC:2.7.13.3/0.0133
group_9249,EC:2.4.1.305/0.0003,EC:2.4.1.60/0.0001
group_9248,EC:2.7.1.208/0.0000
group_9252,EC:2.4.1.291/0.0000,EC:2.4.1.271/0.0000,EC:1.5.5.2/0.0000
group_9250,EC:2.4.1.251/0.0000
wcaF_2,EC:1.18.1.3/0.0000
group_9253,EC:3.2.1.81/0.0001
group_9254,EC:4.99.1.10/0.0001
group_9256,EC:3.1.21.4/0.0078
group_9258,EC:3.2.2.5/0.0067
group_9255,EC:2.7.7.49/0.0553
group_9259,EC:1.3.7.5/0.0024
nicS,EC:1.5.1.38/0.0000
group_9261,EC:2.4.2.31/0.0007
group_9262,EC:2.3.1.48/0.0002,EC:3.1.1.32/0.0002
group_9264,EC:4.2.1.2/0.0099
group_9263,EC:2.3.1.263/0.0203
group_9265,EC:3.1.21.4/0.0000
group_9267,EC:3.1.21.4/0.9088
group_9266,EC:2.1.1.37/0.9924
group_9268,EC:2.7.7.19/0.0050,EC:3.1.21.4/0.0042
group_1562,EC:2.1.1.72/0.8017
group_194,EC:3.1.21.4/0.0408
group_2874,EC:7.1.2.2/0.0001
group_9269,EC:6.5.1.1/0.0085
group_2167,EC:3.1.26.8/0.0000,EC:3.5.4.29/0.0000
group_4595,EC:2.5.1.83/0.1431
group_5847,EC:3.1.21.4/0.2240
group_3875,EC:3.1.26.5/0.0010,EC:3.1.21.4/0.0009
group_6007,EC:3.1.21.4/0.0000
group_235,EC:2.7.1.78/0.0142
group_9270,EC:3.1.21.2/0.0011
group_7720,EC:3.1.21.4/0.0004
group_9271,EC:3.1.1.4/0.0188
group_9272,EC:3.1.21.4/0.0063
group_9273,EC:4.2.1.28/0.0281
group_2684,EC:1.18.1.3/0.0003
group_7122,EC:3.1.21.4/0.0001
group_1969,EC:2.5.1.83/0.0087,EC:4.2.1.2/0.0057
group_9274,EC:3.1.7.2/0.0001
group_9275,EC:3.2.2.22/0.0028
group_7583,EC:3.2.1.129/0.0000
group_7403,EC:1.2.5.2/0.1377
group_7457,EC:3.4.23.50/0.0000
group_9276,EC:4.2.1.2/0.3124
group_9278,EC:4.2.1.28/0.0795
group_9282,EC:3.1.21.4/0.0045,EC:3.6.4.12/0.0041
group_5859,EC:2.5.1.83/0.0004
group_3979,EC:1.3.7.12/0.0001,EC:5.4.99.5/0.0001
group_8154,EC:3.1.21.4/0.0094
group_2577,EC:2.7.7.n1/0.0068
group_9283,EC:3.2.1.129/0.0232
group_751,EC:1.2.5.2/0.0000
group_5749,EC:2.1.1.86/0.4836
group_9284,EC:3.1.21.8/0.0065
group_5780,EC:2.7.1.161/0.0015
group_4424,EC:4.2.1.104/0.0004
group_9285,EC:4.2.3.168/0.0019,EC:4.2.3.167/0.0013
group_9286,EC:2.4.1.198/0.0066
group_9287,EC:4.2.1.104/0.0003
group_9288,EC:2.1.1.86/0.0002,EC:4.2.1.28/0.0002
group_9292,EC:5.4.99.22/0.0000
sfsB_3,EC:1.12.98.4/0.0000
group_9291,EC:2.3.1.48/0.0010,EC:2.7.13.3/0.0007
der_2,EC:3.6.5.5/0.0003
group_9295,EC:3.1.26.5/0.0016
group_9296,EC:3.1.21.3/0.1795
group_9298,EC:2.4.1.286/0.0000
group_9297,EC:2.1.1.72/0.7669
group_9299,EC:3.4.22.48/0.0011
group_9300,EC:6.2.1.14/0.3865
group_9301,EC:3.1.1.32/0.0049
group_9303,EC:3.1.21.4/0.0153
group_9306,EC:3.6.5.5/0.0000,EC:3.1.26.8/0.0000,EC:2.7.7.101/0.0000
group_9305,EC:2.1.1.86/0.0364
group_9304,EC:5.4.99.5/0.0061
group_9307,EC:2.1.1.72/0.0038
group_9309,EC:3.1.1.14/0.0003
group_9310,EC:2.5.1.83/0.0295
group_9311,EC:2.5.1.83/0.0357,EC:2.1.1.148/0.0229
group_9308,EC:3.5.2.6/0.0021
yhhI_2,EC:2.3.1.193/0.0000
group_9312,EC:1.14.13.244/0.0015
group_9317,EC:2.7.7.6/0.0002
adiA_2,EC:4.1.1.18/0.9938
ydgI_3,EC:2.3.1.51/0.0000,EC:2.1.1.210/0.0000
group_9318,EC:2.7.7.6/0.0695
group_9319,EC:2.4.1.304/0.9830
group_6317,EC:2.4.1.305/0.0000
group_6618,EC:2.3.1.209/0.0001
wbbI,EC:2.4.1.251/0.0000
wbbH,EC:2.7.8.42/0.0000
RBKS_1,EC:2.7.1.15/0.9302
dapA_1,EC:4.2.1.41/0.0016
group_3086,EC:4.2.99.18/0.0006
group_6406,EC:3.1.1.107/0.0000
group_6257,EC:3.1.21.4/0.1282
group_331,EC:3.4.24.89/0.0000
group_2709,EC:3.4.23.42/0.0062
group_56,EC:3.1.21.4/0.9596
group_1169,EC:3.1.21.4/0.0037,EC:5.4.3.5/0.0034
group_1985,EC:2.1.1.148/0.0088
group_1129,EC:6.5.1.1/0.0111
group_816,EC:3.3.2.10/0.0001,EC:1.1.5.2/0.0001,EC:2.1.1.210/0.0001
group_5268,EC:3.2.1.4/0.0049
group_7115,EC:3.2.2.22/0.0114
group_5688,EC:2.1.1.86/0.0004
group_6336,EC:2.1.1.318/0.0015
yiaN_1,EC:3.4.21.92/0.0000,EC:2.3.1.284/0.0000
yiaO_2,EC:1.1.1.62/0.0000,EC:1.1.1.159/0.0000,EC:1.8.5.5/0.0000
uxaA_1,EC:4.4.1.24/0.4969
uxaA_2,EC:4.4.1.24/0.9226
idnO_1,EC:1.1.1.107/0.0015
lgoD_2,EC:1.1.1.251/0.0609
group_5349,EC:4.1.1.112/0.3524,EC:4.1.3.17/0.2988
mntH_2,EC:2.3.2.27/0.0000,EC:7.2.4.2/0.0000
group_2415,EC:5.6.2.2/0.2497
kduD_1,EC:1.1.1.391/0.0063
fabG_3,EC:1.1.1.391/0.0951
rbsC_2,EC:3.1.1.102/0.0007
group_6107,EC:3.2.2.5/0.0004
group_8165,EC:5.3.3.7/0.0000
glpK_2,EC:2.7.1.30/0.3750
lsrR_2,EC:5.1.1.10/0.0146
tktB_2,EC:2.2.1.13/0.7959
group_8166,EC:2.2.1.13/0.6323
group_524,EC:3.1.21.3/0.9371
group_5574,EC:2.7.11.14/0.0000
group_5677,EC:4.4.1.20/0.0029
group_9321,EC:3.1.21.4/0.0044
group_9320,EC:3.1.21.4/0.0462
group_58,EC:1.14.99.39/0.0031
