group_17303,EC:2.4.1.206/0.0000,EC:2.4.1.305/0.0000
group_17309,EC:6.3.2.20/0.0000
group_17306,EC:2.5.1.101/0.0003
wcaI_2,EC:2.5.1.89/0.0000
ulaD_1,EC:4.1.2.43/0.0138
group_17312,EC:3.1.21.4/0.0045,EC:3.1.26.5/0.0029
group_17311,EC:2.7.7.6/0.0001
group_17313,EC:6.2.1.14/0.1902
group_17315,EC:3.1.21.4/0.1655
group_17314,EC:2.1.1.86/0.0049
bcs1,EC:1.1.1.405/0.9547
group_5736,EC:2.1.1.132/0.0001
group_1918,EC:2.3.1.269/0.0000
group_6452,EC:2.4.1.256/0.0000
group_6371,EC:2.7.1.161/0.0000
group_6211,EC:5.1.1.23/0.0000
hisH_1,EC:4.3.2.10/0.9842
hisF_1,EC:4.3.2.10/0.7736
group_2067,EC:5.6.2.2/0.0002
group_5514,EC:3.1.26.5/0.0004,EC:3.1.21.4/0.0003
yfdS,EC:4.2.3.167/0.0004,EC:4.2.3.168/0.0002,EC:4.2.3.195/0.0002
group_17316,EC:3.5.1.76/0.0030
group_6791,EC:2.6.1.1/0.0006
group_17317,EC:4.2.2.17/0.0000,EC:3.2.1.129/0.0000
group_17318,EC:7.5.2.5/0.0000
group_17319,EC:1.3.7.3/0.0072
group_8210,EC:1.14.15.6/0.0001
group_16966,EC:3.2.1.102/0.0002,EC:3.1.21.4/0.0001
group_16962,EC:2.1.1.86/0.0000
group_13895,EC:1.21.4.2/0.1088
group_17320,EC:4.2.1.2/0.0587
group_17321,EC:3.1.21.4/0.0006
group_17322,EC:3.1.21.4/0.0919
group_15472,EC:2.1.1.104/0.0007,EC:3.4.24.58/0.0006
group_15474,EC:3.1.21.10/0.0010,EC:3.1.21.4/0.0008
group_15473,EC:7.2.1.1/0.0143
group_17323,EC:3.2.2.6/0.9679
group_17324,EC:3.2.2.6/0.0135
group_17326,EC:3.1.21.4/0.0013,EC:2.7.13.3/0.0008
group_17325,EC:1.14.14.1/0.0007
tnpR,EC:1.11.1.7/0.0187
group_17333,EC:2.4.1.306/0.8975
group_17331,EC:2.4.1.303/0.0000
group_17327,EC:2.4.1.305/0.0396
group_17329,EC:2.4.2.47/0.0000
group_17332,EC:4.2.1.106/0.0000
group_17330,EC:2.4.1.283/0.0006
group_17328,EC:7.5.2.3/0.0019
galE_4,EC:5.1.3.2/0.9971
group_17334,EC:2.6.1.1/0.0148
group_17336,EC:3.1.1.4/0.0016
group_16197,EC:3.1.1.4/0.0262
group_16198,EC:3.1.21.4/0.1272
group_17337,EC:3.4.23.1/0.0003
group_17338,EC:3.1.21.4/0.8007
group_5970,EC:4.7.1.1/0.0004
group_17339,EC:3.5.1.5/0.0000,EC:2.7.7.48/0.0000
group_17348,EC:3.1.26.5/0.0054
relB_1,EC:3.4.22.70/0.0003
group_17341,EC:2.1.1.72/0.0136
group_17346,EC:4.2.1.2/0.0040
group_17357,EC:4.2.1.28/0.0004,EC:3.1.21.4/0.0003
group_17347,EC:4.2.3.100/0.0000
group_17359,EC:4.2.1.28/0.0002
group_17362,EC:3.1.1.4/0.0108
group_17361,EC:3.3.1.2/0.0090
group_17363,EC:5.3.99.2/0.0000
group_16935,EC:3.2.2.22/0.5955
group_6105,EC:3.1.1.59/0.0027
group_17002,EC:3.4.22.65/0.0013
group_17365,EC:4.2.1.2/0.0233,EC:1.3.7.5/0.0194
group_17364,EC:4.2.1.2/0.0488
group_17366,EC:4.2.1.133/0.0019,EC:1.14.13.244/0.0016,EC:6.2.1.14/0.0013,EC:4.2.3.140/0.0009
group_10334,EC:2.3.1.263/0.0000,EC:6.4.1.6/0.0000
group_17367,EC:4.99.1.12/0.0000
group_16386,EC:3.1.21.4/0.0472
group_17369,EC:7.1.1.2/0.0010
group_17368,EC:3.1.21.10/0.0060
group_17372,EC:1.3.7.5/0.0007,EC:6.4.1.6/0.0005
group_17370,EC:1.11.1.26/0.0004,EC:3.4.23.2/0.0003
group_17376,EC:4.2.1.2/0.0228,EC:6.2.1.14/0.0144
group_10351,EC:3.6.4.12/0.0053
group_10336,EC:2.1.1.148/0.0121
group_9243,EC:2.7.7.6/0.0018
group_7326,EC:1.12.1.2/0.0006
group_4110,EC:4.2.1.2/0.0070
group_7527,EC:1.1.99.36/0.0031
group_17377,EC:3.1.21.5/0.0021
group_11313,EC:3.1.21.4/0.0538
ppaX,EC:3.1.3.3/0.0005
group_17378,EC:3.1.21.4/0.0010
group_17379,EC:1.1.99.30/0.0010
group_17386,EC:3.1.4.52/0.0202
group_17384,EC:3.1.4.52/0.0032
group_17382,EC:3.1.21.4/0.0006
group_17381,EC:1.14.15.6/0.0006
group_17383,EC:3.4.21.90/0.0012
group_17385,EC:3.2.1.157/0.0002,EC:3.1.1.14/0.0001
group_9678,EC:3.1.1.14/0.0001
group_9677,EC:3.1.1.4/0.0083
group_17388,EC:3.1.21.4/0.0044,EC:3.2.2.22/0.0036
group_17389,EC:3.1.21.4/0.0002
group_17387,EC:2.1.1.148/0.0891
group_6625,EC:3.2.2.22/0.0028
group_17390,EC:4.2.2.n2/0.0051,EC:3.2.1.17/0.0023
group_6242,EC:2.1.1.318/0.0002
group_17392,EC:3.4.22.28/0.0000,EC:3.1.21.4/0.0000
group_17394,EC:3.5.1.76/0.0158
rhaR_1,EC:2.3.1.48/0.0001
group_17395,EC:2.5.1.18/0.0047
group_17396,EC:3.4.21.12/0.0731
group_1743,EC:1.1.5.2/0.0043
ipaH3,EC:2.3.2.27/0.1104
group_17411,EC:3.4.24.50/0.0125
group_17413,EC:3.6.4.6/0.0003
group_17400,EC:4.2.1.1/0.0340
group_17410,EC:1.14.13.163/0.0000
group_17416,EC:2.4.1.33/0.0000,EC:3.1.21.4/0.0000,EC:2.4.1.293/0.0000
group_17408,EC:4.2.3.104/0.0676
group_17420,EC:1.5.1.44/0.0000
group_17402,EC:3.6.1.15/0.0015,EC:3.6.4.12/0.0009
group_17419,EC:6.5.1.1/0.0055
lpxP_2,EC:2.3.1.241/0.9919,EC:2.3.1.242/0.9895
group_17425,EC:4.99.1.10/0.0002
group_1749,EC:2.4.1.303/0.8752
group_888,EC:2.4.1.58/0.0000
group_5321,EC:2.7.1.208/0.0000
kfoC,EC:2.4.1.305/0.1382
wzxE_2,EC:7.6.2.5/0.0024
group_6405,EC:2.6.1.90/0.9945
group_7863,EC:5.1.3.13/0.9793
group_6096,EC:3.1.3.18/0.0433
group_8076,EC:6.3.2.47/0.0003,EC:6.3.4.24/0.0001
group_17426,EC:2.7.11.14/0.0000
group_10720,EC:2.4.2.31/0.0005
group_17427,EC:2.7.7.48/0.0000
group_17428,EC:1.12.2.1/0.0364
group_17429,EC:4.2.3.38/0.4173
group_17430,EC:2.3.1.48/0.0023
group_17431,EC:1.11.1.7/0.0267,EC:3.5.2.6/0.0180
group_17435,EC:2.4.1.335/0.0000,EC:2.4.1.293/0.0000
ghrB_2,EC:1.1.1.215/0.0544,EC:1.1.1.28/0.0230,EC:1.1.1.29/0.0126
kdgK_2,EC:2.7.1.45/0.9185
group_17432,EC:1.13.11.54/0.0044,EC:1.13.11.53/0.0038
group_17433,EC:1.1.1.127/0.9079
group_17434,EC:2.7.13.3/0.0000,EC:4.1.1.112/0.0000
group_17436,EC:1.15.1.1/0.0004
group_17438,EC:3.1.3.99/0.0003,EC:3.1.3.18/0.0002,EC:3.6.1.1/0.0002,EC:3.1.3.29/0.0001
group_17437,EC:1.3.7.2/0.0004
group_17439,EC:1.97.1.12/0.0020
group_9967,EC:3.1.21.4/0.0635
group_9970,EC:3.1.21.5/0.0000,EC:2.7.11.14/0.0000
group_9968,EC:4.2.1.2/0.0060
group_9965,EC:3.1.1.4/0.0030
group_17441,EC:4.2.1.2/0.0252,EC:2.7.7.6/0.0205
group_17440,EC:3.1.21.4/0.0009
group_17442,EC:3.1.1.14/0.0006
group_17443,EC:3.2.2.5/0.0011,EC:3.1.21.4/0.0006,EC:3.2.2.6/0.0004
group_17444,EC:4.2.1.2/0.0048,EC:2.7.7.6/0.0025
group_17449,EC:3.1.21.4/0.0005
group_17456,EC:2.7.7.7/0.0079
group_17457,EC:3.1.3.48/0.0001
group_17459,EC:3.2.2.22/0.0103
group_17454,EC:3.2.2.22/0.1225
group_17455,EC:3.1.21.4/0.1427
group_17458,EC:2.1.1.148/0.0003
group_17461,EC:2.7.7.7/0.0002
group_17445,EC:3.1.21.4/0.0005
group_17447,EC:3.6.4.12/0.0027,EC:3.1.21.4/0.0016
group_17453,EC:1.14.13.25/0.0068,EC:2.1.1.148/0.0033
group_17448,EC:2.5.1.30/0.0010
group_17450,EC:5.6.2.1/0.0010
group_17452,EC:3.5.1.56/0.0000,EC:4.6.1.1/0.0000,EC:1.3.7.5/0.0000,EC:6.4.1.8/0.0000
group_17446,EC:2.3.2.27/0.0002,EC:3.6.4.12/0.0002,EC:3.4.23.44/0.0001
group_17460,EC:4.7.1.1/0.0023,EC:3.4.23.44/0.0020
group_17463,EC:2.4.2.31/0.0112
group_17467,EC:3.2.2.22/0.0022
group_17483,EC:3.1.26.5/0.0039
group_17475,EC:3.5.4.16/0.0060
group_17474,EC:3.4.23.2/0.0025
group_17469,EC:2.1.1.37/0.0034,EC:2.1.1.72/0.0031
group_17471,EC:1.16.1.7/0.0058
group_17470,EC:3.1.21.4/0.0713
group_17466,EC:2.7.7.6/0.0013
group_17485,EC:3.4.21.90/0.0000,EC:3.2.1.n3/0.0000
group_17482,EC:2.4.2.36/0.0082
group_17480,EC:1.14.14.1/0.0085
group_17465,EC:3.2.2.22/0.1211
group_17484,EC:2.4.2.31/0.0025
group_17476,EC:3.4.23.44/0.0004
group_17479,EC:3.6.4.12/0.0100
group_17477,EC:2.4.2.31/0.0015
group_17464,EC:3.4.23.44/0.0000
group_17481,EC:3.1.21.4/0.0013
group_17473,EC:3.4.24.18/0.0001
group_17478,EC:6.4.1.8/0.0000,EC:1.3.7.5/0.0000
group_17468,EC:1.14.13.244/0.0001
group_17472,EC:3.1.1.4/0.0004
group_17462,EC:2.1.1.148/0.1211
group_17492,EC:4.1.2.25/0.0225
group_17488,EC:2.4.2.31/0.0000
group_17491,EC:3.1.21.4/0.0016
group_17489,EC:3.2.2.22/0.0022
group_17487,EC:2.4.2.31/0.0002
group_17486,EC:4.3.99.4/0.0000
group_17490,EC:2.3.1.135/0.0005
group_17493,EC:2.7.7.6/0.0023
group_17503,EC:6.4.1.8/0.0000
group_17497,EC:1.14.13.244/0.0002
group_17501,EC:2.1.1.72/0.0011,EC:3.1.21.4/0.0008,EC:5.4.99.20/0.0004
group_17495,EC:3.1.21.4/0.0000
group_17496,EC:3.1.21.4/0.0018
group_17500,EC:3.1.21.4/0.0025
group_17494,EC:3.2.1.17/0.9426
group_17498,EC:2.4.1.198/0.0001
group_17502,EC:2.1.1.177/0.0001
group_17499,EC:3.1.1.4/0.0008
group_17504,EC:3.1.21.4/0.0004,EC:2.1.1.72/0.0004
group_17506,EC:2.7.7.6/0.0011
group_17505,EC:2.1.1.72/0.0067
group_17507,EC:3.2.1.107/0.0000
group_17509,EC:2.4.2.31/0.2799
group_17510,EC:3.6.4.12/0.2524
group_17508,EC:3.2.2.22/0.7741
group_17511,EC:3.5.1.76/0.0085
group_17512,EC:3.1.21.4/0.0216,EC:2.1.1.148/0.0171,EC:2.5.1.83/0.0163
group_17513,EC:3.2.2.22/0.0009,EC:5.3.4.1/0.0007
group_17519,EC:3.1.1.59/0.0001
group_17520,EC:3.1.21.4/0.0036,EC:3.2.2.22/0.0034
group_17515,EC:7.2.4.3/0.0009
group_17517,EC:3.1.21.4/0.0003,EC:2.4.1.198/0.0003
group_17518,EC:5.1.1.22/0.0001,EC:4.2.1.81/0.0000
group_17516,EC:3.2.2.22/0.1063
group_17514,EC:5.3.3.2/0.0000
group_17521,EC:3.5.1.76/0.1089
group_17522,EC:2.7.7.6/0.0018
group_17523,EC:3.1.21.4/0.0006,EC:3.6.4.12/0.0006
group_17527,EC:7.2.4.3/0.0027,EC:2.1.1.86/0.0018,EC:2.1.3.1/0.0011
group_17528,EC:3.2.2.22/0.0010,EC:3.3.1.2/0.0007,EC:3.4.22.45/0.0006,EC:3.2.2.17/0.0004
group_17529,EC:1.14.13.25/0.0012
group_17524,EC:4.7.1.1/0.0146
group_17526,EC:6.2.1.14/0.0045
group_17530,EC:4.1.99.24/0.0000,EC:2.4.2.31/0.0000
group_17531,EC:4.2.3.19/0.0009
group_17525,EC:2.7.7.48/0.0000,EC:2.1.1.113/0.0000,EC:4.2.3.54/0.0000
group_17532,EC:2.1.1.86/0.0053
group_17533,EC:6.4.1.8/0.0101
group_17534,EC:2.1.1.148/0.0017
group_17537,EC:6.4.1.8/0.0201
group_17547,EC:6.3.4.22/0.0001
group_17549,EC:5.4.99.1/0.0002
group_17536,EC:3.1.21.4/0.0290
group_17535,EC:2.7.7.6/0.0068,EC:4.2.1.2/0.0059
group_17546,EC:2.5.1.153/0.0001
group_17538,EC:2.3.1.263/0.0002
group_17540,EC:2.7.7.6/0.1271
group_17541,EC:2.7.7.48/0.0000
group_17550,EC:2.1.1.148/0.0002
group_17551,EC:2.5.1.151/0.2369,EC:1.16.1.6/0.2369
group_17548,EC:1.14.13.25/0.0014,EC:2.1.1.148/0.0009
group_17545,EC:3.5.1.76/0.0145
group_17543,EC:6.2.1.14/0.0003,EC:3.5.4.35/0.0003,EC:4.7.1.1/0.0002
group_17544,EC:3.4.21.88/0.0017,EC:3.6.4.12/0.0011
group_17542,EC:3.5.4.19/0.0005
group_17552,EC:2.1.1.148/0.0006
group_17555,EC:3.1.21.4/0.0029
group_17554,EC:2.1.1.86/0.3257
group_17553,EC:4.1.1.112/0.0000,EC:3.1.21.4/0.0000
group_17556,EC:3.2.2.22/0.0472
group_17557,EC:2.7.8.42/0.0000
group_17558,EC:4.2.2.17/0.0015
group_17559,EC:3.5.1.5/0.0014
group_17560,EC:1.17.99.6/0.0000
wcaA_2,EC:2.4.1.305/0.6919
group_8056,EC:2.3.1.57/0.0001
arnB_1,EC:2.6.1.90/0.9955
group_5494,EC:7.6.2.5/0.0414
group_6018,EC:2.4.99.6/0.0004
group_1166,EC:2.4.1.335/0.0000
group_2322,EC:2.4.1.56/0.0000
group_5787,EC:2.4.2.47/0.0000
group_124,EC:3.1.21.5/0.0241
group_1389,EC:3.2.2.5/0.0189
group_5665,EC:3.4.22.70/0.0002
group_17561,EC:3.2.2.22/0.0392
group_17562,EC:2.7.13.3/0.0682
group_17563,EC:2.7.1.161/0.0001
group_17564,EC:3.1.21.4/0.0981
group_2575,EC:3.2.2.22/0.2146
group_17565,EC:3.1.1.14/0.0001
yadV_3,EC:2.3.1.39/0.0000
group_17568,EC:2.3.1.269/0.3240
group_17569,EC:3.2.1.35/0.0004
group_17566,EC:3.2.1.35/0.0005
group_17571,EC:3.1.1.14/0.0002
group_17570,EC:3.4.22.65/0.0053,EC:3.5.1.76/0.0035
group_17567,EC:3.5.1.28/0.0000
btuD_3,EC:7.2.2.5/0.0000
group_17572,EC:7.6.2.2/0.0003,EC:7.6.2.3/0.0002
group_17573,EC:2.7.13.3/0.0002
group_17574,EC:3.1.1.14/0.0000
group_17575,EC:1.14.13.244/0.0023
group_17576,EC:5.4.99.5/0.1264
group_17577,EC:3.2.2.22/0.0054
group_17578,EC:3.5.1.76/0.0008
group_17579,EC:3.2.1.14/0.0000
group_17582,EC:2.4.1.212/0.0000
group_17581,EC:3.6.4.12/0.0556
group_17580,EC:3.1.21.4/0.0001
group_17583,EC:2.7.8.42/0.0000
group_17585,EC:2.7.7.48/0.0001,EC:2.4.1.198/0.0001,EC:4.2.3.195/0.0001
group_17584,EC:4.2.3.167/0.0001,EC:4.2.3.168/0.0001,EC:1.18.1.1/0.0000
group_17586,EC:2.5.1.9/0.0006,EC:3.6.5.5/0.0006
group_17587,EC:2.5.1.9/0.0002
intS_3,EC:5.6.2.1/0.0000
group_17588,EC:3.1.21.4/0.0525
group_17591,EC:2.6.1.37/0.0013,EC:2.1.1.72/0.0013
group_17594,EC:3.1.21.4/0.0005
group_17593,EC:2.8.4.1/0.0047
group_17589,EC:4.2.1.28/0.0393
group_17596,EC:5.4.99.5/0.0097,EC:2.1.1.148/0.0064
group_17590,EC:1.3.7.12/0.0662
group_17592,EC:3.1.21.4/0.0018
group_17595,EC:3.2.2.17/0.6738
frwC_2,EC:2.1.1.86/0.0001
group_17597,EC:3.1.21.4/0.0004
group_17599,EC:3.5.2.19/0.0000,EC:2.4.2.49/0.0000,EC:2.1.1.57/0.0000
group_1924,EC:2.1.1.72/0.0047
group_17600,EC:2.4.1.129/0.0010
group_17601,EC:6.3.2.38/0.0000,EC:3.1.3.99/0.0000
group_17603,EC:1.4.3.20/0.0000,EC:1.13.11.61/0.0000
group_17602,EC:3.1.21.4/0.4002
group_17604,EC:2.6.1.1/0.0002
group_17605,EC:3.2.2.5/0.0001
group_17606,EC:2.4.2.31/0.0005,EC:3.2.1.17/0.0004
group_7895,EC:3.1.1.32/0.0120,EC:3.1.1.5/0.0067
group_17607,EC:4.2.3.168/0.0002,EC:4.2.3.195/0.0002,EC:4.2.3.167/0.0002
group_17608,EC:2.4.2.31/0.0005
group_17609,EC:3.1.21.4/0.0452
insI1_1,EC:2.7.7.7/0.0007,EC:2.7.7.49/0.0004,EC:3.1.11.1/0.0003
insI1_2,EC:2.7.11.1/0.0297
group_17610,EC:3.1.21.4/0.3618
group_17611,EC:1.4.3.2/0.0007,EC:2.1.1.148/0.0007
group_17612,EC:3.1.21.4/0.0035
group_8686,EC:1.12.1.2/0.0217
group_8649,EC:2.7.7.6/0.0443
group_8658,EC:1.12.1.2/0.5364
group_8682,EC:3.5.1.28/0.1625
group_8664,EC:4.2.1.81/0.0004
cspG_1,EC:5.2.1.8/0.1759
group_8697,EC:1.17.4.1/0.0020
ydfT_3,EC:3.1.21.4/0.0002
group_8662,EC:2.7.7.6/0.0030,EC:5.4.99.5/0.0024
group_8707,EC:3.6.1.15/0.0126
group_8677,EC:3.4.23.16/0.0004
group_8684,EC:1.14.13.25/0.0160
group_8675,EC:2.1.1.265/0.0001
group_8709,EC:3.4.21.88/0.0001
group_8698,EC:4.2.1.2/0.0076
group_8693,EC:4.2.1.2/0.0006
group_8646,EC:4.2.3.23/0.0002,EC:4.2.3.67/0.0002
group_8666,EC:4.2.1.2/0.0017
group_8688,EC:5.2.1.4/0.0036
group_8690,EC:6.2.1.14/0.0051
group_8676,EC:4.2.3.104/0.0116
group_8667,EC:4.2.3.104/0.0579,EC:4.2.3.182/0.0439
group_8678,EC:6.2.1.14/0.0000
group_8681,EC:6.1.1.26/0.0000
group_8647,EC:3.1.21.4/0.0095
group_8687,EC:3.2.2.22/0.0002
group_8699,EC:4.2.1.2/0.0027
group_8642,EC:2.7.1.161/0.0000
group_8703,EC:6.2.1.14/0.0879
group_17613,EC:3.1.21.4/0.0035,EC:3.2.2.6/0.0019
group_17614,EC:1.2.5.2/0.0015
group_17615,EC:3.4.22.65/0.0024,EC:1.4.3.2/0.0020,EC:4.1.1.22/0.0019,EC:4.2.3.59/0.0014
group_11960,EC:1.12.1.2/0.0001
group_11947,EC:3.5.1.56/0.0000
group_17616,EC:3.1.21.4/0.0041
group_17617,EC:1.16.1.7/0.1269
group_17618,EC:3.1.1.73/0.0000,EC:3.1.1.74/0.0000,EC:3.2.1.23/0.0000
group_4115,EC:1.12.1.2/0.0093
group_5551,EC:1.14.13.128/0.0451
group_1548,EC:3.1.21.5/0.0004
pinE,EC:3.6.4.12/0.0032
group_7465,EC:3.2.1.58/0.0007
group_5874,EC:3.1.21.4/0.0004
group_17619,EC:3.5.1.76/0.0017,EC:3.4.22.65/0.0012
group_17620,EC:1.4.9.1/0.0001
group_17621,EC:5.4.99.5/0.0040
group_17622,EC:4.2.3.38/0.0046,EC:4.2.3.204/0.0036,EC:4.3.2.2/0.0033
group_17623,EC:2.3.1.193/0.0000
group_17624,EC:4.2.1.159/0.0003
group_17625,EC:6.2.1.14/0.0023,EC:4.2.1.2/0.0016
group_17627,EC:5.3.4.1/0.0165
group_17629,EC:1.2.1.73/0.0001
group_17631,EC:1.4.3.2/0.4860
group_17640,EC:4.1.1.22/0.0021
group_17632,EC:5.3.4.1/0.0001
group_17633,EC:6.2.1.14/0.7776
group_17639,EC:1.3.7.2/0.0009
group_17636,EC:3.1.26.8/0.0004,EC:1.2.1.41/0.0003
group_17634,EC:3.1.21.4/0.9142
group_17628,EC:3.1.21.4/0.0138
group_17630,EC:3.2.1.81/0.0003,EC:2.4.1.248/0.0002,EC:2.4.1.19/0.0002,EC:3.2.1.46/0.0002,EC:3.2.1.178/0.0002
group_17635,EC:1.1.99.30/0.0069
aroP_2,EC:2.4.1.12/0.0001
group_17637,EC:3.5.1.102/0.0148
group_17638,EC:6.2.1.2/0.0000
group_17641,EC:2.7.7.n1/0.8881
group_5332,EC:1.14.13.244/0.0018
group_17642,EC:3.6.4.12/0.0005,EC:3.6.4.13/0.0003
group_6109,EC:1.14.13.244/0.0268
group_17643,EC:3.5.1.56/0.0030
group_1525,EC:3.6.4.12/0.0083
group_4914,EC:2.1.1.86/0.0004
group_847,EC:4.1.3.17/0.0000
group_6364,EC:1.4.3.2/0.0134,EC:4.2.3.59/0.0091
group_1917,EC:2.1.1.86/0.0001
group_2822,EC:6.4.1.8/0.0277
group_6296,EC:4.2.1.2/0.1450
group_4324,EC:1.18.1.3/0.0004
group_7146,EC:4.2.1.104/0.0035
group_7668,EC:5.1.3.24/0.0001
group_29,EC:2.7.8.20/0.0031
group_4661,EC:2.7.11.14/0.0000
group_4381,EC:2.1.1.72/0.0000,EC:3.1.21.5/0.0000,EC:3.1.21.3/0.0000
group_1838,EC:3.1.21.3/0.0000
group_9109,EC:6.4.1.8/0.0001
group_9099,EC:1.3.7.5/0.0025
group_9111,EC:1.2.4.1/0.0003
group_9093,EC:3.4.21.88/0.6748
group_9113,EC:7.6.2.11/0.0002
group_9096,EC:3.4.21.88/0.0016
group_9107,EC:2.1.1.72/0.0003
group_17644,EC:4.2.1.81/0.0004
group_8680,EC:3.2.2.22/0.0001
group_9843,EC:3.1.1.59/0.0046
group_5479,EC:2.4.1.198/0.0001
group_3674,EC:2.5.1.76/0.0000
group_17645,EC:2.1.1.72/0.0002
group_8643,EC:3.1.21.4/0.1308
group_17646,EC:3.2.2.22/0.0018
group_17647,EC:1.3.7.3/0.0044,EC:4.2.3.104/0.0037
group_4326,EC:2.1.1.86/0.0549
group_7849,EC:4.1.1.22/0.0004,EC:1.4.1.24/0.0003
group_4143,EC:6.2.1.54/0.0001,EC:3.2.2.29/0.0000
group_2694,EC:1.13.11.8/0.0001
group_8049,EC:3.2.2.29/0.0003
group_5416,EC:4.2.3.168/0.0001,EC:4.2.3.167/0.0001
group_3889,EC:1.12.1.2/0.0000
group_5555,EC:1.15.1.2/0.0000
group_5721,EC:1.1.1.176/0.0000
group_1659,EC:2.4.1.198/0.0005
group_6110,EC:1.12.2.1/0.0000
group_6714,EC:4.2.3.17/0.0003
group_17648,EC:4.7.1.1/0.0005
group_17649,EC:4.2.3.167/0.0000
group_17653,EC:1.2.1.31/0.0006
group_17652,EC:2.4.1.305/0.0000
group_17650,EC:3.5.1.106/0.0000
group_17651,EC:4.2.1.139/0.0001
group_17654,EC:3.1.1.88/0.0000
group_10332,EC:3.2.1.129/0.0000
group_10318,EC:5.4.4.8/0.0166
group_17655,EC:4.99.1.10/0.0009
group_17656,EC:3.5.2.6/0.0175
group_17657,EC:3.1.1.14/0.0531,EC:3.1.1.4/0.0390
group_17658,EC:3.1.26.5/0.0009
group_15169,EC:1.14.13.130/0.0001,EC:2.1.1.364/0.0001
group_15155,EC:3.2.2.22/0.0296
group_17659,EC:3.4.24.50/0.3249
group_17660,EC:3.5.1.76/0.0440
group_17661,EC:3.1.21.4/0.0000,EC:2.7.13.3/0.0000
group_1228,EC:1.12.1.2/0.0014,EC:1.12.2.1/0.0011
group_17662,EC:2.7.11.14/0.0000
group_1493,EC:2.5.1.83/0.0138,EC:2.1.1.148/0.0131
group_7045,EC:3.1.21.4/0.6638
group_5737,EC:3.1.21.4/0.7458
group_883,EC:2.7.7.65/0.0001
group_6254,EC:3.4.24.50/0.0215
group_2023,EC:3.6.1.5/0.0055
group_17663,EC:2.5.1.83/0.0007
group_17664,EC:3.1.21.4/0.0002,EC:1.4.3.2/0.0001
group_17666,EC:3.1.21.4/0.0141
group_17667,EC:6.6.1.2/0.0000
group_17665,EC:3.1.21.4/0.0000
group_17672,EC:2.7.8.42/0.0000
group_17674,EC:2.4.1.306/0.6400
group_17673,EC:2.4.1.58/0.0001
group_17675,EC:2.3.2.27/0.0000
group_17671,EC:2.4.1.309/0.0001
group_17670,EC:2.4.1.308/0.0001
group_17668,EC:7.5.2.5/0.0002,EC:2.7.13.3/0.0001
group_17669,EC:2.5.1.98/0.0000,EC:2.4.1.60/0.0000
group_17677,EC:3.1.21.4/0.7881
group_17676,EC:3.6.4.6/0.0000,EC:7.1.2.2/0.0000
group_17678,EC:3.1.21.4/0.1103
group_17679,EC:3.1.21.4/0.0612
group_17681,EC:2.7.13.3/0.0004
group_17685,EC:4.1.1.110/0.0000,EC:2.4.1.134/0.0000
group_17682,EC:2.4.1.212/0.0000
group_17680,EC:3.1.1.5/0.0000,EC:3.1.1.32/0.0000
group_17684,EC:2.4.1.56/0.0000,EC:2.4.1.283/0.0000
group_17683,EC:2.4.1.305/0.6454
group_10073,EC:4.1.1.63/0.0279
group_17686,EC:3.1.21.4/0.0192
group_17687,EC:3.4.24.50/0.6831
group_17688,EC:2.4.1.305/0.0000
group_17689,EC:3.1.21.4/0.0055
group_17692,EC:4.2.3.167/0.0003
group_17690,EC:1.11.1.27/0.0010
group_17691,EC:4.2.3.195/0.0000
group_17693,EC:1.1.2.7/0.0083
group_17694,EC:2.4.1.353/0.0000
group_3398,EC:2.4.1.276/0.0001
group_10156,EC:1.3.7.12/0.0002,EC:1.8.5.2/0.0002
group_17695,EC:2.7.11.14/0.0002
group_17696,EC:1.11.1.7/0.0002,EC:2.3.1.12/0.0002
group_17697,EC:3.1.21.4/0.0008
group_17699,EC:4.1.99.2/0.0000
group_17698,EC:3.1.1.4/0.7156
group_17700,EC:3.1.26.5/0.0000,EC:6.4.1.8/0.0000,EC:3.8.1.9/0.0000
group_17701,EC:1.14.12.12/0.0000,EC:1.14.12.15/0.0000
ompX_3,EC:3.1.1.32/0.0254
group_17702,EC:3.1.1.4/0.1388,EC:3.4.24.50/0.1063
group_17703,EC:2.3.1.175/0.0000,EC:2.1.1.254/0.0000
ydfC_1,EC:5.4.99.5/0.0181,EC:4.3.2.2/0.0157
group_17704,EC:3.1.1.32/0.0239
group_17705,EC:3.4.21.74/0.0042
group_17257,EC:2.1.1.318/0.0011,EC:4.99.1.10/0.0009
group_17708,EC:1.12.2.1/0.0008
group_17709,EC:2.5.1.83/0.0128
group_17710,EC:3.2.2.22/0.0115
group_7851,EC:3.2.1.14/0.0009
group_6181,EC:4.2.1.2/0.0004
group_8270,EC:4.99.1.2/0.0000,EC:2.4.2.31/0.0000,EC:3.1.21.4/0.0000
group_17711,EC:3.1.1.14/0.0053
group_15256,EC:2.7.7.6/0.0001
group_15263,EC:2.3.1.263/0.0239
group_15255,EC:4.1.1.31/0.0010,EC:5.4.99.5/0.0008,EC:6.2.1.14/0.0006
group_15261,EC:2.7.7.48/0.0006
group_17712,EC:4.2.2.20/0.0000
group_17713,EC:1.14.13.244/0.0011
group_10567,EC:3.1.1.14/0.0036,EC:1.11.1.25/0.0027,EC:3.5.1.76/0.0017
group_17714,EC:3.2.2.22/0.0100
group_17715,EC:3.1.1.4/0.0007
group_17716,EC:4.1.3.40/0.0071
group_17717,EC:3.5.2.6/0.0006,EC:5.3.3.21/0.0004
group_17718,EC:3.5.2.6/0.0005
group_12930,EC:3.2.2.6/0.0181
group_12900,EC:3.1.1.32/0.0016,EC:3.1.21.4/0.0013,EC:3.1.1.4/0.0012
group_10664,EC:3.2.1.162/0.0002
group_17719,EC:3.1.21.4/0.0007,EC:3.2.2.22/0.0006,EC:3.2.1.129/0.0004
group_17720,EC:2.4.1.305/0.0000
group_17723,EC:3.1.21.4/0.0001,EC:3.2.2.5/0.0001,EC:2.4.2.31/0.0001
group_17721,EC:2.5.1.82/0.0003
group_17722,EC:1.3.7.3/0.0376
group_17727,EC:2.7.13.3/0.0002
group_17729,EC:2.4.1.283/0.0000
group_17724,EC:2.1.1.85/0.0000
group_17730,EC:2.4.1.305/0.0000,EC:2.4.1.256/0.0000
group_17726,EC:2.4.1.305/0.0000
group_17725,EC:2.4.1.306/0.0095
group_17728,EC:2.7.7.13/0.3950,EC:5.3.1.8/0.1483
group_17731,EC:1.12.1.2/0.0014
group_17264,EC:3.2.2.22/0.0204
group_6629,EC:1.14.14.13/0.0000
group_8342,EC:3.1.21.8/0.0001
group_8329,EC:5.4.3.5/0.0002
group_17732,EC:4.2.3.38/0.0016
agp_1,EC:4.1.1.44/0.0008
group_2382,EC:3.1.21.4/0.0052
group_5722,EC:2.1.1.86/0.0010
group_17733,EC:3.1.21.4/0.0000,EC:1.3.7.2/0.0000,EC:2.4.1.159/0.0000,EC:1.14.14.26/0.0000,EC:3.2.2.5/0.0000
group_3891,EC:6.4.1.8/0.0000
group_6593,EC:3.1.21.4/0.0923
group_17734,EC:3.1.1.4/0.0471
group_12572,EC:3.2.2.5/0.0001
group_12570,EC:2.1.1.86/0.0001
group_17735,EC:3.1.21.4/0.0030
group_17736,EC:2.7.7.88/0.0000,EC:2.1.1.375/0.0000
group_17737,EC:3.11.1.2/0.0010,EC:3.4.21.6/0.0008,EC:1.15.1.1/0.0005
group_16705,EC:4.1.2.25/0.0000
group_17738,EC:2.7.11.14/0.0000
group_17739,EC:2.5.1.151/0.0002,EC:1.16.1.6/0.0002
group_17740,EC:2.4.1.286/0.0005
group_848,EC:3.1.21.4/0.3075
group_17741,EC:2.6.1.45/0.0000
group_17746,EC:3.1.21.4/0.0715
group_17745,EC:3.4.24.50/0.7869
yghD_2,EC:2.3.2.27/0.0019
group_17743,EC:3.6.4.12/0.0002,EC:2.3.2.27/0.0001
gspK_3,EC:2.7.11.2/0.0003
xcpW_2,EC:2.7.13.3/0.0001
group_17742,EC:2.7.13.3/0.0019
epsH_2,EC:5.3.4.1/0.0028
group_17744,EC:3.4.21.88/0.0000
gspF_3,EC:2.7.13.3/0.3792
gspD_3,EC:6.6.1.2/0.0000
yghG_2,EC:3.2.2.22/0.0021
group_17747,EC:3.4.23.43/0.9961
group_17752,EC:2.4.1.289/0.0000
group_17750,EC:2.4.1.306/0.2506
group_17749,EC:2.5.1.89/0.0000
group_17751,EC:7.6.2.4/0.0010
group_17748,EC:2.4.1.356/0.0001
group_17753,EC:2.7.8.42/0.0000
group_17754,EC:2.7.7.65/0.0007
group_17756,EC:3.1.21.4/0.0000
group_17755,EC:3.2.2.5/0.0003,EC:3.1.21.4/0.0003
group_2571,EC:3.1.21.5/0.0021
group_6448,EC:3.4.23.2/0.0014,EC:4.1.1.102/0.0010
group_17757,EC:2.5.1.83/0.0019,EC:6.2.1.14/0.0018
group_17758,EC:1.3.7.2/0.0013,EC:3.1.21.4/0.0007
group_17760,EC:4.2.3.167/0.0000,EC:4.2.3.168/0.0000
group_17759,EC:2.3.1.54/0.0000
group_17762,EC:4.2.2.17/0.0159
group_17763,EC:2.4.1.153/0.0001,EC:2.4.1.212/0.0000
group_17761,EC:2.7.1.21/0.0000
group_14182,EC:2.1.1.86/0.1137
group_7676,EC:3.1.21.4/0.0006
group_17764,EC:3.2.2.22/0.0105
group_17771,EC:2.4.1.27/0.0002
group_17767,EC:2.1.1.197/0.0004
group_17768,EC:4.2.3.77/0.0008
group_17772,EC:2.4.1.252/0.0000
group_17769,EC:1.5.5.2/0.0000
group_17770,EC:2.4.2.47/0.0000
group_17766,EC:4.4.1.20/0.0001
murJ_2,EC:2.7.13.3/0.0000,EC:2.7.8.5/0.0000,EC:7.6.2.5/0.0000,EC:2.4.1.32/0.0000
group_17774,EC:2.1.1.148/0.0558
group_17773,EC:3.1.21.4/0.9474
group_17775,EC:2.7.8.42/0.0000
group_17776,EC:4.2.2.17/0.0006
group_17777,EC:3.1.1.4/0.0015
group_17778,EC:3.1.1.14/0.0050,EC:3.1.1.4/0.0049
group_17779,EC:3.6.4.12/0.0010,EC:3.6.4.13/0.0006
group_4738,EC:4.2.3.195/0.0000
group_17781,EC:5.4.3.5/0.0000,EC:3.1.21.4/0.0000,EC:4.2.99.18/0.0000
group_17780,EC:3.1.21.4/0.2902
group_17782,EC:3.1.7.2/0.0000
group_17783,EC:3.2.2.22/0.0409
group_17784,EC:3.1.21.4/0.1136
group_17785,EC:3.4.22.65/0.0002
group_6524,EC:3.1.21.4/0.0026
group_7332,EC:3.4.22.15/0.0056
group_17792,EC:2.7.7.48/0.0005
group_17790,EC:1.5.1.44/0.0000
group_17791,EC:5.6.2.1/0.0869
group_17788,EC:3.1.21.4/0.0276
group_17786,EC:1.14.14.138/0.0000
group_17789,EC:3.2.2.22/0.0078
group_17787,EC:2.7.13.3/0.0004
group_5417,EC:3.6.4.13/0.0039
group_1360,EC:2.7.7.65/0.0008,EC:2.7.13.3/0.0007
group_17793,EC:3.2.1.102/0.0000
group_17794,EC:3.1.21.4/0.0002
group_12547,EC:3.2.1.162/0.0002,EC:3.2.1.102/0.0001
group_17795,EC:7.2.1.1/0.0003
group_11092,EC:2.1.1.63/0.0007
group_11501,EC:2.1.1.148/0.2672
group_17796,EC:3.2.2.22/0.0000
group_17797,EC:1.1.1.176/0.0000
group_32,EC:4.2.3.195/0.0001
group_17799,EC:4.2.1.59/0.0004
group_17800,EC:3.4.24.50/0.1099,EC:3.1.1.4/0.0883
group_8917,EC:5.6.1.1/0.0002,EC:3.1.21.4/0.0002,EC:3.6.4.6/0.0001,EC:2.7.7.65/0.0001
group_8918,EC:2.5.1.83/0.0082
group_8924,EC:1.4.3.2/0.0020
group_8920,EC:1.18.1.2/0.0233,EC:3.2.2.22/0.0171
group_8919,EC:3.4.24.3/0.0002,EC:2.7.7.65/0.0002
group_8927,EC:3.1.21.4/0.7869
group_17801,EC:3.1.1.4/0.0616
group_17804,EC:1.3.7.5/0.0005
group_17803,EC:3.6.4.12/0.0005
mukE_2,EC:3.1.21.4/0.0439
mukB_2,EC:3.1.21.4/0.0244
group_17808,EC:3.1.21.4/0.0092
group_17805,EC:3.1.21.4/0.0592
yjcD,EC:3.6.4.12/0.0037
group_17802,EC:2.7.1.158/0.0001
