group_6170,EC:4.6.1.23/0.0650
group_4220,EC:7.2.1.1/0.0001
group_5311,EC:4.7.1.1/0.0001
group_7475,EC:1.14.13.244/0.0000
group_5637,EC:1.12.1.2/0.0008
group_6307,EC:2.7.7.6/0.0001
group_15828,EC:4.1.1.44/0.0010
group_15827,EC:1.2.1.70/0.0000
ydfT_1,EC:3.6.4.12/0.0002
group_5472,EC:1.14.13.25/0.1912
group_3350,EC:1.14.13.244/0.0010
group_4870,EC:1.8.5.2/0.0002
group_5798,EC:3.1.21.4/0.0066
group_6517,EC:4.2.3.168/0.0002
group_5639,EC:1.14.14.166/0.0000
group_6306,EC:3.5.4.6/0.0018
mbeA_1,EC:6.1.1.17/0.0000
group_15830,EC:1.1.1.47/0.0000
group_15829,EC:3.2.1.2/0.0016,EC:3.4.21.97/0.0012
group_15840,EC:3.2.2.6/0.0001
group_15833,EC:7.2.4.5/0.0000
group_15858,EC:3.4.23.44/0.0000
group_15834,EC:6.2.1.14/0.0771
group_15850,EC:3.4.23.44/0.0001
group_15851,EC:2.2.1.2/0.0006,EC:3.1.21.4/0.0005,EC:2.1.1.72/0.0005
group_15843,EC:7.2.4.1/0.0000,EC:2.3.1.263/0.0000
group_15832,EC:3.1.1.59/0.0002
group_15845,EC:4.2.1.28/0.0000
group_15841,EC:2.7.7.48/0.0004
group_15842,EC:3.1.21.4/0.0002,EC:2.7.7.48/0.0002
group_15831,EC:3.1.21.4/0.0010
group_15852,EC:3.6.4.12/0.0004
group_15846,EC:1.3.7.3/0.0100
group_15847,EC:4.1.1.112/0.0000
group_15862,EC:3.1.21.10/0.0002,EC:3.1.21.4/0.0001
group_15863,EC:4.2.3.167/0.0001
group_3748,EC:2.4.1.198/0.0038
group_15866,EC:3.1.21.4/0.0005,EC:3.2.2.5/0.0005
group_15865,EC:3.1.21.4/0.0000
group_15864,EC:2.1.1.86/0.0017
group_15870,EC:1.14.14.91/0.0032
group_15875,EC:3.1.21.4/0.0011
group_15868,EC:2.1.1.355/0.0002
group_15873,EC:2.4.2.31/0.0000,EC:1.14.14.51/0.0000
group_15872,EC:2.1.1.148/0.0370
group_15869,EC:3.1.21.4/0.0022
group_15867,EC:5.6.2.1/0.0000
group_15871,EC:3.6.4.12/0.0000
group_15874,EC:3.6.4.12/0.0040
group_15876,EC:3.2.2.5/0.0011
group_15883,EC:2.7.7.48/0.0004
group_15915,EC:2.4.1.198/0.0000
group_15886,EC:4.1.2.25/0.0000
group_15905,EC:3.2.2.22/0.0001
group_15888,EC:2.4.2.31/0.0007
group_15890,EC:2.4.2.31/0.0178
group_15910,EC:5.2.1.8/0.0059,EC:3.6.4.12/0.0047
group_15882,EC:4.2.1.132/0.0000
group_15911,EC:5.3.99.6/0.0000,EC:1.1.1.176/0.0000,EC:5.2.1.8/0.0000
group_15885,EC:1.1.1.176/0.0000
group_15907,EC:1.14.13.244/0.0188
group_15916,EC:2.7.7.48/0.0000
group_15906,EC:3.1.21.1/0.0617
group_15902,EC:2.7.7.6/0.0001,EC:3.1.21.4/0.0001
group_15903,EC:3.1.21.4/0.0009
group_15895,EC:3.1.21.1/0.0000,EC:3.4.24.20/0.0000
group_15879,EC:5.2.1.8/0.0000
group_15891,EC:3.2.2.22/0.0018
group_15877,EC:1.8.98.2/0.0001
group_15900,EC:3.6.4.12/0.0021,EC:3.6.1.15/0.0010,EC:3.6.4.13/0.0006,EC:3.1.21.5/0.0003,EC:3.1.21.3/0.0002
group_15894,EC:3.6.4.12/0.3122
group_15917,EC:4.2.1.28/0.0013,EC:4.2.1.2/0.0010
group_15881,EC:1.3.7.12/0.0008
group_15898,EC:3.1.21.4/0.0000,EC:2.7.10.2/0.0000
group_15893,EC:2.1.1.86/0.0007
group_15912,EC:2.7.7.85/0.0000
group_15880,EC:2.1.1.86/0.0023
group_15908,EC:3.4.17.6/0.0001
group_15899,EC:3.2.1.2/0.0017
group_15884,EC:3.2.1.17/0.0098
group_15901,EC:3.2.1.102/0.0001,EC:3.1.1.4/0.0000,EC:4.4.1.20/0.0000
group_15909,EC:4.2.1.104/0.0004
group_15896,EC:3.1.21.10/0.0002,EC:3.1.21.4/0.0001
group_15887,EC:4.2.3.167/0.0023,EC:4.2.3.168/0.0020
group_15897,EC:3.6.4.12/0.0051
group_15914,EC:4.2.1.2/0.0098
group_15878,EC:3.4.23.2/0.0003
group_15892,EC:4.2.3.54/0.0004
group_15904,EC:6.2.1.14/0.0070
group_15913,EC:3.6.4.12/0.0009
group_15889,EC:5.4.99.22/0.0001
group_15919,EC:3.2.2.21/0.0000
group_15920,EC:2.4.1.198/0.0031
group_15921,EC:4.2.3.167/0.0000
group_15922,EC:4.2.3.167/0.0004,EC:4.2.3.168/0.0002,EC:4.2.3.195/0.0001
group_5919,EC:3.1.26.11/0.0044
group_73,EC:3.1.21.4/0.0552
group_1532,EC:2.7.7.48/0.0494
group_6884,EC:1.4.3.2/0.0003
group_839,EC:3.1.21.4/0.0110,EC:3.2.2.17/0.0094
group_5730,EC:6.5.1.3/0.0020,EC:3.1.21.4/0.0013
group_3974,EC:3.1.11.3/0.0211,EC:2.7.7.7/0.0114
group_5262,EC:3.6.4.13/0.0154
group_15923,EC:3.1.21.4/0.0387
group_14502,EC:1.4.3.2/0.0124
group_14504,EC:2.7.7.65/0.0014
group_15924,EC:3.4.24.7/0.0012
group_15925,EC:1.3.7.3/0.0642
group_7451,EC:4.2.3.123/0.0010
group_1024,EC:2.5.1.18/0.0005
group_6812,EC:5.2.1.4/0.0293
group_2433,EC:3.1.21.4/0.0000,EC:3.2.2.22/0.0000
group_6974,EC:2.7.7.65/0.0001,EC:3.1.21.5/0.0001
ycf3,EC:3.1.21.4/0.0389
group_298,EC:3.1.21.4/0.0240
group_15926,EC:1.16.1.7/0.0002
group_15927,EC:5.6.2.1/0.0004
group_15928,EC:7.6.2.5/0.0001,EC:7.6.2.12/0.0001,EC:7.5.2.3/0.0001,EC:2.7.13.3/0.0000,EC:7.5.2.5/0.0000
group_15929,EC:7.2.4.3/0.4007
group_15930,EC:4.2.3.71/0.0021
group_15931,EC:2.8.4.1/0.1150,EC:1.14.13.25/0.0678
ydcV_2,EC:4.2.1.152/0.0001
group_15932,EC:3.1.1.4/0.0033,EC:3.4.22.65/0.0030
group_15935,EC:2.1.1.37/0.8636
group_15933,EC:5.6.2.2/0.1308
group_15934,EC:3.4.24.50/0.0103
group_15936,EC:3.4.24.50/0.6243
group_6520,EC:4.2.3.35/0.0000
group_15937,EC:3.5.1.76/0.0080
group_15938,EC:3.1.21.4/0.0327
group_15939,EC:1.8.3.1/0.0001
group_15940,EC:3.1.21.4/0.0001
group_9876,EC:1.16.1.10/0.0000,EC:3.4.21.88/0.0000
group_9907,EC:2.1.1.113/0.0000
group_9908,EC:4.2.1.2/0.0005
group_9861,EC:3.5.1.76/0.0146
group_9881,EC:2.1.1.148/0.0000
group_2511,EC:3.6.1.55/0.0079
group_15946,EC:2.7.7.49/0.0006
group_15941,EC:2.7.10.2/0.0013
group_15944,EC:3.1.21.4/0.0043
group_15943,EC:3.1.21.4/0.0000
group_15942,EC:3.2.2.22/0.2775
group_15945,EC:2.1.1.72/0.8972
group_15947,EC:2.1.1.72/0.8119
group_1657,EC:3.1.21.4/0.0002,EC:1.3.7.5/0.0001
group_4379,EC:1.14.13.128/0.0399
group_6352,EC:2.7.13.3/0.0006
group_6815,EC:3.2.2.22/0.1044
group_15967,EC:7.2.4.2/0.0000
group_15971,EC:2.4.2.31/0.0072
group_15982,EC:3.2.1.18/0.0093
group_15953,EC:3.1.1.76/0.0004,EC:3.2.1.11/0.0004
ompG_2,EC:2.3.1.43/0.0117
group_15969,EC:3.2.1.11/0.0051
group_15961,EC:7.5.2.5/0.0303
yidJ_2,EC:3.1.6.1/0.0001
group_15968,EC:7.2.1.1/0.0000
aslB_1,EC:1.1.98.7/0.4425
group_15957,EC:3.2.2.5/0.1403
group_15970,EC:1.5.1.38/0.0002
group_15976,EC:2.7.1.161/0.0000
group_15950,EC:2.7.11.30/0.0000,EC:2.3.1.85/0.0000,EC:4.1.1.99/0.0000,EC:2.7.13.3/0.0000
group_15978,EC:2.4.1.305/0.0000
group_15965,EC:3.1.21.4/0.0144
group_15954,EC:3.1.21.4/0.0177,EC:5.6.2.1/0.0173
group_15958,EC:1.14.14.57/0.0004
group_15973,EC:3.2.2.22/0.0843
group_15964,EC:1.14.15.16/0.0000,EC:1.14.19.53/0.0000
group_15951,EC:2.7.8.20/0.0001
group_15952,EC:3.4.24.85/0.0000
group_15979,EC:1.14.15.6/0.0001,EC:1.16.1.7/0.0001
group_15948,EC:7.2.1.1/0.0001
group_15981,EC:2.1.1.210/0.0000
group_15960,EC:7.2.4.2/0.0001
group_15977,EC:7.2.4.2/0.0098
group_15972,EC:3.2.2.22/0.0120,EC:5.4.99.5/0.0101
group_15959,EC:3.2.2.5/0.0010
group_15949,EC:2.4.2.31/0.0006,EC:3.1.21.4/0.0004,EC:6.5.1.1/0.0003
group_15975,EC:1.14.13.233/0.0000,EC:1.14.13.232/0.0000
group_15962,EC:3.6.4.12/0.0004
group_15974,EC:3.4.21.107/0.0009
group_15966,EC:3.2.1.17/0.5189
group_15963,EC:3.2.2.22/0.0015
group_15956,EC:2.3.2.28/0.0002
group_15993,EC:3.1.21.4/0.0002
group_15991,EC:2.7.13.3/0.0004
group_15992,EC:3.2.2.5/0.0075
yejO,EC:3.1.1.3/0.0467
hipA_2,EC:2.7.7.n1/0.0262
group_15984,EC:3.1.21.4/0.0002,EC:3.8.1.10/0.0002
group_15989,EC:2.3.1.48/0.0062
group_15987,EC:5.4.3.5/0.0001
group_15988,EC:2.3.1.48/0.0000
group_15994,EC:3.6.4.12/0.3076
group_15990,EC:2.5.1.151/0.0000,EC:1.16.1.6/0.0000
group_15985,EC:2.7.10.2/0.0000
group_15995,EC:3.1.21.4/0.7585
group_15996,EC:3.1.3.48/0.0778
group_5615,EC:3.1.21.4/0.0528
group_15997,EC:7.1.2.2/0.0000
group_15998,EC:3.1.21.10/0.0006
group_16000,EC:1.3.7.2/0.0005,EC:3.1.21.4/0.0004,EC:2.3.1.282/0.0002
group_15999,EC:2.7.7.48/0.0000
group_16001,EC:2.7.7.19/0.0001
group_16002,EC:3.11.1.2/0.0156
group_16003,EC:1.11.1.7/0.0155
group_16004,EC:4.2.3.38/0.0044
group_16005,EC:2.4.1.335/0.0000
group_16006,EC:7.5.2.3/0.0003
group_6308,EC:3.4.22.65/0.0326
ydeS,EC:3.1.1.4/0.0775
group_16007,EC:3.1.21.4/0.0116
group_16008,EC:2.7.7.6/0.0144
group_15918,EC:1.3.7.12/0.0011
group_16009,EC:3.4.21.12/0.0055
group_11986,EC:3.1.11.3/0.0002,EC:2.7.7.48/0.0001
group_4084,EC:1.14.14.160/0.0002,EC:4.2.1.134/0.0002,EC:4.2.2.23/0.0002
group_459,EC:3.1.21.4/0.0002,EC:2.7.13.3/0.0002
ccmA_1,EC:7.6.2.5/0.0001
ycf3_1,EC:3.1.21.4/0.1645
group_16010,EC:3.6.1.15/0.0000
group_16012,EC:2.4.1.306/0.0001,EC:2.4.1.56/0.0001
group_16013,EC:2.4.1.252/0.0007
group_16011,EC:2.4.1.306/0.0536
group_16014,EC:2.4.1.134/0.0003
group_16015,EC:2.7.13.3/0.0010
group_16016,EC:3.1.1.74/0.0015
group_16017,EC:3.5.1.76/0.0241
group_8635,EC:3.1.4.35/0.0111
group_8689,EC:3.2.2.22/0.0049
group_16018,EC:3.1.21.4/0.0003
group_16019,EC:1.16.1.7/0.0311,EC:1.12.1.2/0.0221
group_12390,EC:3.6.4.12/0.0031,EC:3.4.23.44/0.0024
group_3254,EC:2.4.2.31/0.0170
group_4048,EC:3.13.1.6/0.0000
group_1537,EC:3.1.21.4/0.0006
group_11922,EC:3.2.2.22/0.0001
group_11924,EC:3.1.21.5/0.0776
group_16021,EC:2.7.7.49/0.0005
group_15574,EC:2.3.2.27/0.0006
group_16022,EC:4.7.1.1/0.0002
group_9198,EC:6.2.1.14/0.0045
group_9204,EC:4.2.1.81/0.0020,EC:4.2.1.2/0.0015
group_16023,EC:3.2.1.55/0.0232,EC:3.2.1.4/0.0140,EC:2.4.1.19/0.0099
group_16024,EC:1.12.1.2/0.0298
group_16025,EC:2.7.1.19/0.0068
group_13321,EC:3.1.21.4/0.2618
group_16026,EC:3.1.21.4/0.0000
group_16027,EC:2.7.7.6/0.0000
group_16028,EC:3.1.21.4/0.0063
group_16029,EC:3.2.1.18/0.0034,EC:3.1.1.4/0.0029,EC:3.4.21.12/0.0022
cysH_1,EC:2.8.1.13/0.0000
group_6351,EC:2.1.1.103/0.0000
group_16031,EC:2.1.1.86/0.0020
group_16030,EC:3.1.21.4/0.0049
group_16032,EC:7.1.1.2/0.0013
insF5_3,EC:3.1.3.2/0.0002
group_16033,EC:3.1.21.4/0.0296
group_16035,EC:3.1.21.4/0.0423
group_16034,EC:5.4.99.5/0.0091,EC:1.3.7.5/0.0060,EC:4.2.3.104/0.0044
group_7746,EC:3.1.21.4/0.0528
group_6975,EC:3.1.21.4/0.0003,EC:3.2.1.18/0.0002,EC:3.2.2.22/0.0001
group_16040,EC:2.7.7.48/0.0000
group_16041,EC:3.4.24.50/0.0380
group_16038,EC:4.1.1.22/0.0004
group_16039,EC:2.4.1.305/0.0000
group_16037,EC:2.7.7.88/0.0001,EC:2.1.1.375/0.0001
group_16036,EC:3.1.21.4/0.0000
group_16042,EC:3.1.21.4/0.0004
group_16044,EC:3.2.2.5/0.0000
group_16043,EC:3.1.21.4/0.0000
group_1147,EC:2.1.1.72/0.8379
group_1029,EC:3.2.2.6/0.0092
group_7203,EC:3.4.17.6/0.0002
group_4931,EC:3.1.21.4/0.0305
group_8262,EC:2.4.2.31/0.0001
group_7747,EC:2.4.1.353/0.0000
mtgA_1,EC:2.4.1.129/0.6344
group_1964,EC:3.1.21.4/0.0054
group_16045,EC:3.2.1.81/0.0000
yxeI,EC:3.5.1.24/0.4442
group_16047,EC:2.7.7.48/0.0004
group_16048,EC:3.6.1.23/0.0086
rob_2,EC:2.3.1.48/0.0029
group_16049,EC:2.3.1.48/0.0141
group_16050,EC:3.1.4.52/0.9464
group_16053,EC:5.2.1.4/0.0001
group_16051,EC:2.7.7.6/0.0001
group_16052,EC:2.7.1.202/0.0003,EC:2.7.1.121/0.0002,EC:4.2.1.104/0.0002
group_16054,EC:3.2.1.14/0.0000
group_16055,EC:3.1.21.4/0.0001
group_5050,EC:1.14.14.51/0.0000
group_573,EC:1.1.1.176/0.0000,EC:2.4.1.198/0.0000
group_16056,EC:3.1.21.4/0.4917
group_16057,EC:3.1.21.4/0.0433
ompX_2,EC:3.1.1.4/0.0314,EC:3.1.1.3/0.0279
fimD_3,EC:2.3.1.269/0.0153
group_16061,EC:3.2.2.22/0.0026
group_16063,EC:3.2.2.22/0.0011
group_16062,EC:3.2.2.22/0.0008
group_16058,EC:2.4.1.115/0.0000
group_2274,EC:3.5.1.104/0.0003
group_16065,EC:3.1.21.4/0.0184
group_16066,EC:2.7.7.13/0.8997
group_16068,EC:2.5.1.89/0.0000
group_16067,EC:2.4.1.56/0.0000
group_16069,EC:2.4.2.47/0.0000,EC:2.3.2.27/0.0000
group_16071,EC:2.4.1.292/0.7553
group_16070,EC:2.4.1.101/0.0000,EC:2.4.1.58/0.0000
group_13511,EC:1.4.9.1/0.0001,EC:3.2.2.6/0.0001
group_16072,EC:3.1.21.4/0.0007
group_16073,EC:3.2.2.6/0.0011
group_16074,EC:3.1.21.4/0.0071
group_3858,EC:4.1.1.22/0.0009
group_12199,EC:4.2.1.2/0.0314
group_12183,EC:2.5.1.18/0.0007
group_12175,EC:4.4.1.21/0.0000
group_16075,EC:4.1.1.83/0.0000
group_16076,EC:3.6.4.12/0.0000
group_16145,EC:3.1.21.4/0.7152
group_16140,EC:3.2.2.5/0.0000,EC:1.13.11.61/0.0000,EC:1.4.3.20/0.0000
hdfR_1,EC:3.1.4.52/0.0039
qacA,EC:7.2.2.15/0.0002,EC:7.2.2.8/0.0001
group_16131,EC:2.7.13.3/0.0000
cusC_1,EC:3.4.21.107/0.0001
yhiI_1,EC:2.4.1.33/0.0000
rbbA_1,EC:7.6.2.2/0.0004
yhhJ_1,EC:7.2.2.4/0.0006
group_16085,EC:2.7.13.3/0.0000
group_16103,EC:1.1.1.36/0.9125
yqeF_1,EC:2.3.1.9/0.9954
group_16134,EC:2.3.1.20/0.0000,EC:3.1.1.1/0.0000
group_16105,EC:2.3.1.8/0.0036
group_16139,EC:2.7.2.1/0.0046
phaC,EC:2.3.1.31/0.0059
fabI_1,EC:1.3.1.9/0.8961
yjhP,EC:2.1.1.288/0.0000
group_16132,EC:3.1.5.1/0.0004
group_16097,EC:2.7.7.72/0.0001
group_16115,EC:3.1.21.4/0.0000
group_16110,EC:7.1.1.8/0.0003,EC:7.2.1.1/0.0002
group_16142,EC:2.4.2.31/0.0006
group_16129,EC:4.2.3.113/0.0001
group_16079,EC:2.4.2.31/0.1046
group_16127,EC:3.2.2.22/0.8502
group_16147,EC:5.2.1.8/0.0046
group_16130,EC:3.2.1.81/0.0004
group_16123,EC:1.11.1.9/0.0021,EC:5.99.1.4/0.0021
group_16096,EC:1.14.19.53/0.0000
group_16095,EC:1.14.15.6/0.0008
group_16126,EC:4.2.2.n2/0.0001
group_16128,EC:2.4.2.31/0.0005
group_16100,EC:7.2.1.1/0.0000
group_16091,EC:7.1.1.3/0.0000,EC:3.1.3.78/0.0000
group_16111,EC:7.2.1.1/0.0000,EC:7.2.4.2/0.0000
group_16148,EC:7.2.4.2/0.0099
group_16099,EC:5.4.99.5/0.0023
group_16092,EC:3.1.21.4/0.7854
group_16136,EC:3.4.21.105/0.0000
group_16102,EC:6.6.1.2/0.0003
group_16077,EC:3.4.21.107/0.0013
group_16135,EC:3.2.1.17/0.0235
group_16144,EC:3.1.1.74/0.0085,EC:3.2.2.22/0.0071
group_16090,EC:4.1.1.65/0.0000,EC:2.3.2.36/0.0000,EC:2.7.13.3/0.0000,EC:2.3.2.28/0.0000
group_16083,EC:1.14.13.20/0.0000,EC:1.12.2.1/0.0000
group_16081,EC:3.2.2.6/0.0016
group_16078,EC:3.6.1.15/0.0683
group_16146,EC:1.16.3.1/0.0000
group_16120,EC:6.4.1.8/0.0003
group_16098,EC:2.1.1.72/0.3687
group_16086,EC:3.1.21.4/0.0137
group_16112,EC:4.2.1.133/0.0007
group_16093,EC:3.3.1.2/0.0010
group_16117,EC:3.1.21.4/0.0063
group_16088,EC:3.4.22.45/0.0001,EC:3.1.21.4/0.0001
group_16133,EC:2.3.1.263/0.0021
group_16122,EC:1.3.7.5/0.0094
group_16149,EC:5.4.99.5/0.0000,EC:6.2.1.14/0.0000,EC:1.14.13.128/0.0000,EC:3.1.1.59/0.0000
group_16101,EC:3.1.4.52/0.6091
group_16089,EC:3.1.21.4/0.0015
group_16109,EC:1.14.13.128/0.0004
group_16118,EC:1.3.7.5/0.0037
group_16080,EC:3.1.1.59/0.0004
group_16143,EC:3.1.21.4/0.0096
group_16124,EC:2.7.7.6/0.0022
group_16125,EC:5.6.2.2/0.0014
group_16116,EC:5.6.2.1/0.7514
group_16108,EC:3.1.21.4/0.2769
group_16094,EC:2.3.1.263/0.0002,EC:1.16.1.10/0.0001
group_16114,EC:5.4.99.5/0.8449
group_16121,EC:2.1.1.148/0.0231,EC:3.8.1.10/0.0147
group_16141,EC:1.5.1.38/0.0000
group_16106,EC:2.4.2.31/0.0000
group_16104,EC:3.1.1.5/0.4549
group_16087,EC:2.3.1.48/0.0067
group_16137,EC:2.1.1.148/0.0001,EC:2.1.1.113/0.0000
group_16119,EC:2.3.2.27/0.0000,EC:3.1.21.4/0.0000
group_16113,EC:2.1.1.148/0.0009
group_16084,EC:2.7.10.2/0.0001
group_16107,EC:1.5.1.44/0.0000
group_16082,EC:3.1.21.4/0.2265
group_16138,EC:1.2.1.97/0.0000,EC:6.6.1.2/0.0000
group_16150,EC:5.2.1.4/0.0007
group_16151,EC:3.4.24.58/0.0027,EC:3.5.2.6/0.0022
group_7620,EC:2.3.1.284/0.0001
group_5475,EC:4.2.3.59/0.0229
group_7996,EC:6.3.2.32/0.0000
atzF,EC:3.5.1.54/0.9911
carB_2,EC:6.3.4.14/0.0310
group_16164,EC:3.7.1.23/0.0000
amiC_2,EC:4.1.1.43/0.0011,EC:4.1.1.74/0.0009,EC:4.1.1.72/0.0009
group_16165,EC:2.3.1.61/0.0000
livM_2,EC:7.3.2.1/0.0000
livG_2,EC:2.7.13.3/0.0000,EC:4.6.1.1/0.0000
livF_2,EC:7.2.2.16/0.0008
group_16166,EC:3.2.2.5/0.0003
group_9072,EC:2.1.1.86/0.0128
group_9088,EC:6.4.1.6/0.0000,EC:4.1.1.102/0.0000,EC:6.4.1.8/0.0000
group_16167,EC:3.5.1.122/0.0000
group_7480,EC:4.2.1.2/0.0004
group_325,EC:4.2.3.195/0.0000
group_16168,EC:3.1.21.4/0.0000
group_16169,EC:3.1.1.4/0.0050,EC:3.1.1.14/0.0038
group_16170,EC:3.2.1.35/0.0247
group_16171,EC:3.1.21.4/0.0002
group_16172,EC:2.3.1.164/0.0706
group_5192,EC:1.14.13.244/0.0282
group_4576,EC:2.5.1.83/0.0068,EC:3.4.21.47/0.0047
group_7871,EC:3.4.22.68/0.0005
group_7780,EC:3.1.1.4/0.2620
group_16173,EC:1.14.13.244/0.0024,EC:1.14.13.25/0.0024,EC:1.12.1.2/0.0015
group_16174,EC:4.7.1.1/0.0002
group_16175,EC:3.1.21.4/0.9460
group_16176,EC:2.4.2.31/0.0018
group_16177,EC:3.1.21.4/0.0000
group_16178,EC:4.2.3.195/0.0000
group_16179,EC:1.3.7.3/0.0408,EC:3.1.21.4/0.0221
group_16181,EC:4.2.2.17/0.1944
group_5920,EC:5.6.2.1/0.0000
group_2994,EC:1.14.13.239/0.0000
group_3635,EC:3.3.1.2/0.0743
group_16182,EC:7.1.1.1/0.0003
group_4577,EC:3.4.22.65/0.0005
group_1998,EC:2.7.13.3/0.0008,EC:3.1.21.4/0.0007,EC:2.7.7.65/0.0006
group_16183,EC:2.7.8.42/0.0001
group_16184,EC:2.1.1.86/0.0000
group_16189,EC:3.1.21.4/0.0036
group_16187,EC:1.11.1.26/0.0019
group_16188,EC:2.5.1.151/0.0028,EC:1.16.1.6/0.0028
group_16190,EC:2.7.7.48/0.0001
group_302,EC:3.1.21.10/0.0005
group_3039,EC:3.1.21.4/0.0099
group_6449,EC:3.1.21.4/0.0004,EC:1.3.7.2/0.0003
sfmH_2,EC:3.2.1.17/0.0000
group_16191,EC:1.3.7.5/0.0005
group_16192,EC:3.1.1.4/0.0041,EC:3.5.1.76/0.0041
group_16193,EC:2.7.13.3/0.0053
group_16194,EC:3.4.24.50/0.2154
group_16180,EC:3.4.19.11/0.0000
group_16195,EC:3.1.1.4/0.0070
group_16196,EC:2.7.1.161/0.0000
rspB_2,EC:1.1.1.9/0.0386
group_16202,EC:3.1.1.4/0.0006
group_16201,EC:2.4.2.31/0.0007
group_16203,EC:3.1.21.4/0.0500
group_5585,EC:4.4.1.20/0.0001
group_16204,EC:3.1.21.4/0.0041
group_2276,EC:3.2.2.5/0.0013
group_6587,EC:3.1.1.32/0.0015,EC:4.2.3.47/0.0014
group_16206,EC:3.1.1.80/0.0001
group_16207,EC:1.5.1.44/0.0001
group_1379,EC:3.1.21.4/0.0006
group_16208,EC:3.1.21.3/0.0000
group_16209,EC:2.7.7.7/0.0009
groL_2,EC:5.6.1.7/0.9988
groS_2,EC:3.4.21.88/0.0001
yokD,EC:2.3.1.81/0.4485
group_16212,EC:1.8.5.2/0.0003
group_16210,EC:3.4.22.1/0.0043
group_16211,EC:2.7.1.182/0.0000
group_10287,EC:2.1.1.86/0.0009
group_16213,EC:1.14.13.130/0.0086
group_16214,EC:3.1.26.5/0.0005
group_16215,EC:3.1.1.4/0.0590
group_16216,EC:3.6.4.12/0.0001
group_16217,EC:3.1.21.4/0.0044,EC:2.7.10.1/0.0027,EC:3.1.26.5/0.0014
group_16218,EC:5.4.99.5/0.0220
group_16219,EC:3.2.2.5/0.0106
group_16221,EC:3.1.21.4/0.0001,EC:4.2.1.2/0.0001
group_16220,EC:2.1.1.86/0.0024
group_15279,EC:3.2.2.22/0.0126
group_16229,EC:2.7.1.161/0.0096
group_16224,EC:2.4.2.31/0.0000,EC:3.1.21.4/0.0000
group_16234,EC:1.14.13.130/0.0004
group_16226,EC:2.1.1.148/0.0001,EC:1.14.13.25/0.0001
group_16235,EC:4.2.1.2/0.0203
group_16225,EC:4.2.1.81/0.0157,EC:4.2.1.2/0.0132
group_16236,EC:3.2.2.29/0.0032
group_16227,EC:7.2.4.3/0.0037
group_16230,EC:3.6.4.12/0.1031
group_16228,EC:3.4.22.65/0.0000
group_16239,EC:3.1.21.4/0.1717
group_16232,EC:2.1.1.72/0.0000
group_16237,EC:2.4.1.60/0.0000
group_16222,EC:2.1.1.72/0.0003,EC:3.1.21.10/0.0003
group_16233,EC:5.6.2.1/0.0000,EC:6.2.1.2/0.0000
group_16223,EC:3.1.21.4/0.0245
group_16231,EC:3.1.21.5/0.0005,EC:3.6.4.12/0.0005
group_16238,EC:3.1.21.4/0.0832
group_12627,EC:1.3.7.5/0.0234
group_16241,EC:3.4.24.50/0.4276
group_2435,EC:4.6.1.24/0.0004
group_16242,EC:4.1.1.44/0.0006
group_16243,EC:1.12.1.2/0.0008
group_16244,EC:3.1.21.4/0.0002
group_16245,EC:4.2.3.113/0.0084,EC:1.11.1.7/0.0071
group_16247,EC:5.3.4.1/0.0030,EC:3.2.2.22/0.0015
group_16246,EC:3.2.2.22/0.0226
group_16249,EC:2.7.13.3/0.0277
group_16250,EC:2.7.7.85/0.0000
group_16248,EC:3.5.1.76/0.0134
group_16251,EC:2.5.1.151/0.0005,EC:1.16.1.6/0.0005,EC:3.4.23.2/0.0005
group_16253,EC:3.1.21.4/0.0000
group_16254,EC:3.1.21.4/0.0000
group_16255,EC:3.3.1.2/0.1699
group_16259,EC:3.2.2.22/0.0253
group_16256,EC:3.1.1.4/0.2829
fimD_4,EC:2.3.1.269/0.0543
group_16258,EC:2.6.1.1/0.0000
group_16261,EC:2.4.1.212/0.0000
group_16262,EC:4.3.99.4/0.0000
group_16263,EC:2.4.1.26/0.0001,EC:1.13.12.3/0.0000
group_16264,EC:4.2.3.70/0.0010
group_16265,EC:3.1.21.4/0.0130
group_16267,EC:2.7.13.3/0.0004
group_16268,EC:3.1.21.4/0.0080
group_16269,EC:2.6.1.1/0.0946
group_16270,EC:3.4.23.50/0.0002
group_16271,EC:2.7.7.85/0.0000,EC:2.7.7.n1/0.0000
group_16272,EC:3.4.22.58/0.0021,EC:3.1.21.4/0.0021
group_4374,EC:1.2.1.22/0.0000
group_7227,EC:2.3.1.286/0.0003,EC:2.7.7.65/0.0002
group_16273,EC:1.12.1.2/0.0003
group_16274,EC:2.7.7.48/0.0002
glgM,EC:2.4.1.56/0.0000
group_16275,EC:4.2.1.2/0.0056
group_5579,EC:3.2.1.129/0.0035
group_16276,EC:3.1.21.4/0.2229
group_16277,EC:2.1.1.113/0.0010
group_16279,EC:3.4.21.74/0.0065
group_16282,EC:2.7.13.3/0.0010
group_16284,EC:6.3.2.20/0.1241
group_16280,EC:2.4.1.101/0.0000
group_16285,EC:2.5.1.87/0.0000,EC:2.3.2.8/0.0000
group_16283,EC:2.3.2.27/0.0000,EC:2.4.1.256/0.0000
group_16281,EC:2.4.1.252/0.0016
group_6035,EC:3.1.21.4/0.0016
group_3145,EC:2.7.13.3/0.0040
group_4586,EC:2.7.11.1/0.0014
group_3186,EC:3.2.2.5/0.0044
group_1803,EC:2.4.2.31/0.0039
group_6518,EC:5.4.99.5/0.0764
group_6976,EC:3.1.21.4/0.2485
group_5528,EC:3.1.21.4/0.0086,EC:3.6.1.15/0.0075
group_5648,EC:6.2.1.25/0.0000,EC:3.4.21.45/0.0000
group_9776,EC:2.7.7.81/0.0000
group_16286,EC:3.1.21.4/0.0000
group_16287,EC:4.2.3.55/0.0000
group_16288,EC:2.7.7.7/0.0049,EC:3.1.21.4/0.0047,EC:3.1.26.5/0.0042
group_16289,EC:3.4.24.50/0.1940
group_16290,EC:3.1.21.4/0.2978
group_16293,EC:3.1.21.4/0.0000
group_16292,EC:2.1.1.72/0.6649,EC:2.1.1.113/0.6572
group_16291,EC:1.3.7.3/0.0083
group_16294,EC:7.6.2.4/0.0001
group_13738,EC:3.2.2.22/0.0003
group_16295,EC:3.2.2.22/0.0054
group_16296,EC:3.1.21.4/0.9045
group_16297,EC:3.1.21.4/0.2623
group_16298,EC:3.6.4.12/0.0000
group_16299,EC:2.3.1.48/0.0001,EC:2.7.13.3/0.0001
group_5921,EC:3.1.21.4/0.0019
group_16301,EC:3.2.1.129/0.9267
group_16302,EC:3.1.21.4/0.0011
group_3902,EC:3.1.21.4/0.0010
group_16303,EC:3.1.21.4/0.0000
group_4016,EC:3.1.21.4/0.0031
group_16304,EC:2.4.1.206/0.0000,EC:2.4.1.212/0.0000
group_16305,EC:7.2.1.1/0.0000,EC:4.1.1.83/0.0000
group_16306,EC:1.4.3.2/0.0082,EC:3.4.24.50/0.0069
group_16307,EC:3.1.26.8/0.0001
group_16308,EC:3.1.11.2/0.0001
group_16309,EC:3.1.21.4/0.0002,EC:5.6.2.2/0.0001
group_16310,EC:3.1.21.4/0.5164
group_10686,EC:3.5.1.76/0.7741
group_7476,EC:3.1.21.4/0.9794
group_6309,EC:3.1.21.4/0.0000
group_16311,EC:3.5.1.76/0.0092
group_16314,EC:4.2.1.152/0.0002
group_16313,EC:3.1.21.4/0.8666
group_16312,EC:3.1.21.4/0.5106
group_16315,EC:3.1.21.4/0.0071
group_10497,EC:3.1.21.4/0.0016
group_10487,EC:3.2.2.22/0.0055
group_10501,EC:2.3.2.28/0.0000
group_10489,EC:3.4.17.6/0.0018,EC:4.1.1.46/0.0012
group_16316,EC:4.2.3.167/0.0000
group_10544,EC:3.1.21.4/0.0254
group_10583,EC:6.2.1.14/0.0014
group_10575,EC:7.2.4.3/0.0095
group_10550,EC:2.4.2.31/0.0003,EC:3.2.2.5/0.0002
group_10537,EC:3.1.21.4/0.0003
group_16317,EC:3.2.2.5/0.0004
group_16318,EC:2.6.1.1/0.0006
group_16319,EC:1.12.98.3/0.0093
group_16320,EC:4.2.3.120/0.0000
group_16321,EC:3.6.1.23/0.0000
group_16322,EC:1.4.1.4/0.0000
group_16323,EC:3.2.2.5/0.0001
group_16324,EC:2.3.2.22/0.0015,EC:1.12.1.2/0.0010
group_16325,EC:6.2.1.14/0.0025
group_16326,EC:3.6.4.12/0.0236
group_16327,EC:3.1.21.4/0.0424
yhcR,EC:3.1.31.1/0.5319
group_16328,EC:6.2.1.14/0.0018
group_16329,EC:6.2.1.14/0.0135
group_16330,EC:4.2.3.17/0.0001,EC:2.3.1.263/0.0000
group_16331,EC:2.4.1.305/0.0000
group_16332,EC:3.1.21.4/0.0084
group_16333,EC:2.7.13.3/0.0001
group_16334,EC:2.3.1.288/0.0001
group_16335,EC:3.1.21.4/0.0418
group_16336,EC:3.4.23.16/0.0019
group_16337,EC:3.2.1.3/0.0030
group_16338,EC:1.3.7.5/0.0021
group_16339,EC:4.2.1.2/0.0029
group_16342,EC:2.7.13.3/0.0000
group_16343,EC:2.1.1.86/0.0000
group_16344,EC:3.4.21.12/0.0002
group_16348,EC:1.3.99.17/0.0019
group_16349,EC:3.2.1.23/0.0050
group_16350,EC:1.1.1.3/0.0021
group_16351,EC:5.5.1.13/0.0015
bla_1,EC:3.5.2.6/0.8977
group_16352,EC:2.4.1.198/0.0237
group_16353,EC:1.4.3.2/0.0143,EC:3.1.1.4/0.0134
group_15050,EC:2.7.7.67/0.0002
group_15060,EC:3.5.1.76/0.0029
group_656,EC:5.4.3.5/0.0000,EC:5.4.99.1/0.0000
group_5523,EC:4.2.1.81/0.0000,EC:2.4.1.33/0.0000
group_7210,EC:1.4.1.1/0.0000
group_5473,EC:3.5.1.28/0.0003
group_16358,EC:7.2.4.3/0.0000
group_16357,EC:1.1.1.176/0.0000
group_16363,EC:2.7.7.6/0.0005
group_16362,EC:2.1.1.86/0.0245
group_16356,EC:4.2.2.7/0.0002
group_16364,EC:3.1.7.6/0.0197
group_9168,EC:1.8.4.2/0.0001
group_9159,EC:3.1.21.4/0.0170
group_9163,EC:6.2.1.14/0.3058
group_16365,EC:2.4.2.31/0.0001,EC:3.2.2.5/0.0001
group_16366,EC:2.7.1.161/0.0002
group_16367,EC:2.8.4.1/0.0033,EC:4.1.1.22/0.0026
group_8644,EC:2.6.1.1/0.0208
group_6522,EC:4.2.3.195/0.0002,EC:4.2.3.167/0.0001
group_9719,EC:4.1.99.1/0.0002,EC:1.2.7.7/0.0002,EC:4.2.1.2/0.0002
group_16368,EC:3.1.21.10/0.0004
group_16369,EC:3.1.21.1/0.0139
group_9150,EC:3.2.1.129/0.7693
group_9145,EC:3.1.1.29/0.0001
group_9602,EC:3.1.21.5/0.9879
group_9604,EC:3.1.21.4/0.0200
group_16370,EC:2.7.1.199/0.9618
insA6_3,EC:3.1.26.5/0.0212
group_8921,EC:4.2.1.2/0.0880
group_8922,EC:2.5.1.83/0.4332
group_16372,EC:4.2.3.104/0.0071
group_16373,EC:4.2.1.2/0.3462
group_16374,EC:5.4.99.5/0.0012
group_16375,EC:2.7.7.6/0.0003
