group_11076,EC:3.1.21.4/0.1108
group_11078,EC:1.7.3.3/0.0019
group_11080,EC:2.1.1.86/0.0001
group_11081,EC:3.1.21.4/0.0856
socA,EC:1.8.7.2/0.0000
group_11096,EC:2.1.1.354/0.0004
group_11085,EC:2.1.1.318/0.0833
group_11086,EC:2.7.1.161/0.0004
group_11102,EC:3.1.1.14/0.0213
group_3106,EC:3.1.26.5/0.0056
group_2000,EC:2.1.1.72/0.0034
group_7417,EC:3.6.4.12/0.0242
group_6143,EC:3.4.22.65/0.0090,EC:3.1.1.4/0.0076
group_5689,EC:2.1.1.72/0.0003
group_5600,EC:3.2.1.39/0.0013
group_11103,EC:3.5.1.13/0.0005
group_11104,EC:3.1.21.4/0.0018
group_11105,EC:2.7.11.14/0.0000
group_11106,EC:3.2.2.5/0.1047
group_11108,EC:2.1.1.86/0.0017
group_11107,EC:4.2.3.58/0.0001
group_11109,EC:3.2.2.22/0.0004,EC:3.4.24.36/0.0004,EC:3.1.21.1/0.0003
group_11110,EC:3.2.2.5/0.0000
group_11111,EC:3.1.21.4/0.0014
group_11112,EC:3.1.21.4/0.0021
group_7170,EC:4.2.3.38/0.0145
group_3786,EC:3.2.1.39/0.0015
group_6198,EC:6.4.1.8/0.0012
cdiA_3,EC:1.11.1.24/0.0081
group_7418,EC:3.2.1.102/0.0000
group_6848,EC:3.1.4.4/0.0000
group_6717,EC:2.7.13.3/0.0022
group_6113,EC:2.6.1.1/0.0013
group_11113,EC:3.1.1.4/0.1166
yheO_2,EC:2.7.1.121/0.0002
group_11114,EC:4.1.1.120/0.0259
yihN_2,EC:2.7.10.1/0.0000
group_11116,EC:3.1.1.14/0.0031
group_11118,EC:4.1.1.44/0.0012,EC:1.13.11.8/0.0011
group_11115,EC:3.1.1.3/0.0000
group_11119,EC:2.1.1.72/0.0003
group_11120,EC:3.1.21.4/0.1693
group_11121,EC:2.7.13.3/0.0001
group_11122,EC:3.1.21.4/0.7935
group_11123,EC:4.2.3.38/0.0015
yqjK_3,EC:2.7.13.3/0.0002,EC:1.2.99.10/0.0002
group_4332,EC:2.7.13.3/0.0006
group_11124,EC:3.2.2.22/0.0150
group_11126,EC:3.1.21.4/0.0003,EC:3.2.2.17/0.0002
group_11127,EC:3.2.2.27/0.0000
group_11129,EC:3.5.1.5/0.0038
group_11128,EC:3.2.1.14/0.0091
group_11130,EC:2.7.7.49/0.7683
group_11131,EC:3.2.2.22/0.3991
group_11132,EC:2.4.1.58/0.0000,EC:2.1.1.64/0.0000,EC:2.1.1.222/0.0000
group_11133,EC:2.7.1.166/0.0000
group_11134,EC:7.5.2.3/0.0018
group_11137,EC:2.4.1.56/0.0000
group_11135,EC:2.4.1.293/0.1736
group_11148,EC:5.6.2.1/0.0002
group_11151,EC:1.5.1.44/0.0000
group_11147,EC:3.1.1.4/0.0061,EC:4.1.1.22/0.0048
group_11152,EC:3.1.21.4/0.1717
group_11141,EC:3.1.26.8/0.0027
group_11154,EC:1.14.13.25/0.0028
group_11143,EC:6.2.1.14/0.0187
group_11142,EC:4.7.1.1/0.0000
group_11144,EC:4.7.1.1/0.0007
group_11145,EC:4.2.1.2/0.0212
group_11139,EC:3.1.26.5/0.0001
group_11146,EC:2.4.2.31/0.0001
group_11140,EC:2.7.7.6/0.0020
group_11149,EC:5.6.2.1/0.0000
group_11153,EC:1.12.2.1/0.0028
group_11138,EC:3.1.21.4/0.2167
group_11150,EC:1.13.11.61/0.0012
group_11155,EC:3.1.21.4/0.0002
group_11171,EC:3.1.21.4/0.0043
group_11163,EC:4.7.1.1/0.0000
group_11169,EC:3.6.4.12/0.1467
group_11158,EC:7.2.4.3/0.0098
group_11168,EC:2.1.1.72/0.0002
group_11174,EC:4.2.1.2/0.1528
group_11172,EC:3.2.2.5/0.0009
group_11179,EC:4.1.1.112/0.0000
group_11175,EC:2.7.13.3/0.0005
group_11177,EC:2.3.1.277/0.0000
group_11180,EC:3.1.3.3/0.0635
group_11181,EC:4.4.1.20/0.0003
paaJ_2,EC:2.3.1.174/0.9878
group_11178,EC:1.8.4.2/0.0000,EC:5.5.1.30/0.0000
group_11176,EC:6.2.1.14/0.0017
group_6757,EC:6.5.1.1/0.0000,EC:2.1.1.148/0.0000
virB9_1,EC:6.3.1.2/0.0000
group_2692,EC:3.6.4.12/0.0056
group_3306,EC:3.1.21.4/0.0052
ccdB_1,EC:2.7.10.2/0.0000,EC:3.4.21.88/0.0000
group_3289,EC:1.16.1.7/0.0001
group_8089,EC:5.6.2.1/0.0001
group_5319,EC:3.1.21.4/0.1535,EC:2.1.1.148/0.0996
group_1997,EC:3.6.4.12/0.0043
group_2138,EC:3.1.21.4/0.0346
group_6144,EC:2.7.1.231/0.0001
group_7293,EC:1.5.5.2/0.0022
group_7492,EC:2.6.1.1/0.0105
group_1703,EC:2.1.1.148/0.0000,EC:3.2.2.5/0.0000
group_1987,EC:2.1.1.148/0.0002,EC:3.1.21.4/0.0002
group_7272,EC:4.1.1.22/0.0009
group_5942,EC:4.2.3.35/0.0005
group_7341,EC:4.2.1.2/0.0020
group_5945,EC:4.2.1.28/0.0029
group_6004,EC:2.5.1.30/0.0431
group_1595,EC:3.1.21.4/0.0001,EC:3.6.1.15/0.0001
group_4470,EC:2.8.4.1/0.0001
group_5794,EC:2.1.1.113/0.0001
group_7902,EC:1.1.1.397/0.0000
group_6221,EC:4.2.1.81/0.1187
group_2739,EC:3.2.2.22/0.0642
group_6145,EC:1.11.1.7/0.0001
group_5871,EC:1.14.13.25/0.0036
group_6135,EC:3.1.21.4/0.0076
group_8004,EC:3.1.21.4/0.2049
group_11182,EC:2.7.8.37/0.0008
group_11183,EC:4.4.1.3/0.0003
group_11184,EC:4.2.3.38/0.0015
group_11193,EC:2.4.2.49/0.0000,EC:4.99.1.2/0.0000
group_11190,EC:1.14.14.3/0.0031
aes,EC:3.1.1.72/0.0091
group_11216,EC:2.1.1.86/0.2261
kefC_1,EC:2.7.13.3/0.0002
group_11218,EC:3.8.1.10/0.0022
group_11219,EC:4.2.1.133/0.0004
group_11221,EC:3.1.21.4/0.0057
group_11222,EC:3.2.2.5/0.0003
group_11232,EC:2.7.7.7/0.0002,EC:3.6.4.12/0.0001
group_11224,EC:1.13.11.1/0.0482
group_11233,EC:3.2.2.22/0.2923
group_11234,EC:3.1.21.4/0.1204
group_2928,EC:2.1.1.86/0.0050
group_11235,EC:2.4.1.14/0.0000
group_11236,EC:3.4.21.32/0.0019,EC:1.11.1.24/0.0017
group_11240,EC:4.1.2.25/0.0003,EC:6.2.1.14/0.0002
group_11239,EC:3.1.4.52/0.5854
group_11241,EC:2.3.1.12/0.0012
group_11245,EC:2.1.1.284/0.0000
group_11244,EC:3.1.26.11/0.0001,EC:3.5.4.6/0.0000
group_11243,EC:2.4.1.198/0.0000
group_11242,EC:3.4.19.15/0.0010
group_11246,EC:3.1.21.4/0.0216
group_11247,EC:2.7.7.6/0.0011
group_11248,EC:5.6.2.1/0.0000
group_11249,EC:3.6.4.12/0.0059
group_11250,EC:4.2.3.38/0.0474
group_11251,EC:1.15.1.1/0.0001,EC:1.7.2.1/0.0001
lolD_2,EC:7.3.2.2/0.0001
group_11252,EC:7.6.2.9/0.0000
mdtA_2,EC:2.4.1.33/0.0000
slmA_2,EC:7.2.2.4/0.0035
group_11253,EC:3.1.21.4/0.0006
group_11255,EC:3.1.3.84/0.0000
group_11256,EC:5.4.99.5/0.0017
group_11254,EC:1.3.7.5/0.0271
group_11257,EC:3.2.1.143/0.0000
group_11258,EC:2.1.1.366/0.0000,EC:6.5.1.1/0.0000
group_11259,EC:2.1.1.86/0.0014,EC:1.1.2.7/0.0014
group_11260,EC:4.2.1.2/0.0129
group_11261,EC:3.4.24.58/0.0010,EC:3.5.2.6/0.0009
group_11262,EC:3.1.26.5/0.0006
group_11263,EC:3.1.1.4/0.0050
ydaE_1,EC:1.14.13.244/0.0029
group_7172,EC:2.7.1.161/0.0001
group_173,EC:2.1.1.72/0.0001
group_6665,EC:3.1.21.4/0.0144
group_5795,EC:4.1.99.11/0.0537
group_8005,EC:4.1.1.112/0.0001
group_9086,EC:1.1.1.381/0.0006
group_11264,EC:3.2.1.129/0.0000,EC:1.14.18.3/0.0000
group_11266,EC:2.7.8.42/0.0000
group_11265,EC:3.2.1.129/0.0017
group_5922,EC:3.1.21.4/0.0014,EC:3.2.2.6/0.0009
group_2057,EC:2.4.1.303/0.9861
group_6774,EC:2.4.1.252/0.0016,EC:2.4.1.56/0.0016,EC:2.4.1.292/0.0009
group_11267,EC:3.4.24.33/0.0005,EC:2.4.1.19/0.0004,EC:3.2.1.129/0.0004,EC:3.2.1.35/0.0003
group_1186,EC:3.4.25.2/0.0042
group_1135,EC:1.14.13.244/0.0000
group_5758,EC:4.2.3.195/0.0000
group_1136,EC:6.2.1.14/0.1918
group_6775,EC:3.1.21.4/0.0488
group_7494,EC:2.1.1.86/0.2097
group_7294,EC:3.4.16.4/0.0022,EC:2.7.11.22/0.0017,EC:2.7.11.23/0.0012,EC:1.11.1.7/0.0012
pinE_2,EC:3.6.4.12/0.0007
group_4864,EC:3.2.2.22/0.2897
group_11275,EC:2.1.1.113/0.9407
group_11271,EC:3.1.21.4/0.0055
group_11272,EC:2.7.7.48/0.0276
group_11276,EC:3.1.21.4/0.0008,EC:3.1.21.5/0.0007
group_11277,EC:1.5.5.2/0.0074
group_11278,EC:3.2.2.22/0.1636
group_11279,EC:1.12.1.2/0.2705
group_11280,EC:2.1.1.148/0.0004
group_11281,EC:3.1.21.4/0.0177
group_11285,EC:4.1.1.44/0.0055,EC:1.12.1.2/0.0042
group_7345,EC:3.2.2.22/0.0058
group_929,EC:2.4.2.31/0.2340
group_2827,EC:2.4.2.31/0.4444
group_985,EC:2.1.1.86/0.0257
group_5326,EC:4.2.3.168/0.0001,EC:4.2.3.167/0.0000,EC:4.2.3.195/0.0000
group_530,EC:3.5.1.121/0.0002
group_11287,EC:3.1.1.14/0.0000,EC:3.4.24.76/0.0000
group_11288,EC:3.4.22.28/0.0001
group_11289,EC:1.4.9.1/0.0027
group_6488,EC:3.4.24.50/0.2131
group_11290,EC:3.1.1.4/0.3335
ycjQ_1,EC:1.1.1.245/0.0000,EC:1.1.1.1/0.0000
group_11291,EC:3.5.2.6/0.0329,EC:1.11.1.7/0.0295
group_11292,EC:3.1.1.32/0.0001
group_4094,EC:2.4.2.31/0.0001
group_6328,EC:2.1.1.86/0.0004
group_7191,EC:3.4.22.45/0.0270
group_2702,EC:3.1.21.8/0.0492,EC:3.1.21.4/0.0409
group_11294,EC:2.1.1.86/0.0155
group_11295,EC:4.2.1.28/0.0009
group_11297,EC:2.7.7.65/0.0001
group_11298,EC:5.1.3.2/0.9536
group_11299,EC:4.2.1.2/0.0002
group_1145,EC:3.6.4.12/0.0030
group_11300,EC:4.7.1.1/0.0001
group_1175,EC:3.6.4.12/0.0864
yidE_1,EC:2.7.1.191/0.0052
dppF,EC:7.4.2.9/0.9347
group_1824,EC:5.4.4.2/0.0000,EC:4.1.1.17/0.0000
group_7874,EC:3.4.24.50/0.9200
group_994,EC:1.14.13.163/0.0000
group_7506,EC:2.7.13.3/0.0001
group_11301,EC:3.2.1.129/0.0108
group_275,EC:6.2.1.14/0.0012
group_11309,EC:2.7.7.65/0.0010
group_11307,EC:3.4.24.50/0.6962
pinQ_2,EC:3.6.4.12/0.0184
group_11312,EC:3.1.21.4/0.0237
group_11315,EC:3.1.21.4/0.0028
group_11324,EC:4.2.1.152/0.0000
insC6_1,EC:4.2.1.2/0.0023
insD6_1,EC:2.7.10.1/0.0001,EC:3.1.7.6/0.0001,EC:3.1.3.48/0.0001
group_11326,EC:4.1.99.16/0.0007
tagG,EC:2.4.1.129/0.0000
afuC,EC:7.5.2.4/0.2389
group_11328,EC:2.4.1.58/0.0008
group_11327,EC:5.4.99.9/0.9985
group_11329,EC:2.4.1.287/0.0020
group_11330,EC:2.4.1.290/0.0002
ettA_2,EC:2.4.1.274/0.0000
dmsD_2,EC:4.1.1.97/0.0001
group_11332,EC:1.8.5.3/0.0604,EC:1.97.1.1/0.0316,EC:1.97.1.9/0.0151
ynfH_2,EC:1.14.13.83/0.0000
group_11331,EC:1.97.1.12/0.0002
bcr_2,EC:2.7.13.3/0.0002
folA_2,EC:1.5.1.3/0.9947
group_3402,EC:3.6.1.1/0.0074
group_11333,EC:1.11.1.27/0.0001
group_7805,EC:2.1.1.57/0.0009,EC:3.2.2.29/0.0007,EC:3.2.2.17/0.0006
group_11334,EC:1.14.13.244/0.0011
group_11335,EC:3.1.21.4/0.0011
group_11336,EC:2.1.1.37/0.9872
group_6793,EC:3.1.21.4/0.0859
group_5607,EC:3.1.21.4/0.0501
group_11337,EC:3.1.21.4/0.6937
group_11338,EC:3.6.4.12/0.0207
afaD,EC:3.2.1.18/0.0750
murR_2,EC:2.7.13.3/0.0000
feaB_1,EC:1.2.1.27/0.9597
ilvB_3,EC:3.7.1.22/0.8745
iolG_1,EC:1.1.1.370/0.0020,EC:1.1.1.18/0.0007
group_8240,EC:1.3.1.32/0.0000,EC:4.2.3.67/0.0000
rbsA_2,EC:7.5.2.12/0.9375
group_7087,EC:3.1.1.102/0.0000
iolG_2,EC:1.1.1.18/0.0026
iolC,EC:2.7.1.73/0.0002
iolE,EC:4.2.1.44/0.9890
iolB,EC:5.3.1.30/0.9964
group_3906,EC:3.1.21.4/0.0486
group_11339,EC:2.1.1.80/0.0072
group_11340,EC:7.1.1.2/0.0001,EC:1.14.14.46/0.0001
group_11341,EC:1.3.7.2/0.0000,EC:1.3.7.3/0.0000
rhlE_2,EC:3.1.21.4/0.0241
group_6968,EC:6.2.1.14/0.0043
group_3034,EC:4.6.1.16/0.0345
group_5763,EC:2.3.1.184/0.0019
group_11342,EC:1.12.1.2/0.0160
group_5362,EC:1.2.1.73/0.0002,EC:3.6.4.12/0.0002,EC:1.2.1.26/0.0001,EC:1.2.1.22/0.0001
group_7295,EC:3.1.21.4/0.0003
group_1704,EC:3.1.21.4/0.0977
group_2609,EC:1.5.1.24/0.0000
group_7474,EC:3.4.23.45/0.0000
group_5121,EC:4.6.1.16/0.0003
group_11343,EC:2.5.1.83/0.0001
group_11344,EC:1.14.13.244/0.0003,EC:1.12.1.2/0.0002
group_11345,EC:3.1.21.4/0.1077
group_11346,EC:1.3.7.5/0.0066
group_11347,EC:3.5.1.76/0.0242
group_11348,EC:1.14.13.25/0.0042
group_11349,EC:2.4.1.252/0.0350
group_11044,EC:2.7.8.31/0.9633
group_11051,EC:2.4.1.306/0.0000
etp_2,EC:3.1.3.48/0.5027
group_11350,EC:2.7.7.88/0.0004,EC:2.1.1.375/0.0004
group_7193,EC:3.2.2.5/0.8300
group_11351,EC:2.1.1.148/0.0059
group_11352,EC:2.3.1.48/0.0002
group_11353,EC:3.1.26.8/0.0005
group_11354,EC:2.4.1.252/0.0000
group_11355,EC:2.4.2.47/0.0000
group_11359,EC:2.4.1.134/0.0005
group_11358,EC:2.6.1.33/0.9976
group_11357,EC:2.3.1.203/0.0003
group_11356,EC:2.5.1.87/0.0001
group_11360,EC:3.1.1.4/0.0180
ydcC,EC:1.14.13.154/0.0000
group_11361,EC:3.6.4.13/0.0003,EC:2.4.1.286/0.0003
group_11362,EC:3.4.24.50/0.0635
group_11363,EC:3.4.24.76/0.0000
group_11364,EC:3.4.19.1/0.0003,EC:2.7.1.78/0.0002
group_11365,EC:1.18.1.1/0.0000,EC:3.1.21.4/0.0000,EC:1.11.1.1/0.0000
group_11367,EC:3.1.21.4/0.0022
group_11376,EC:3.2.2.22/0.0001
group_11369,EC:1.14.13.25/0.0880
group_11382,EC:4.2.1.81/0.0000
group_11370,EC:4.2.2.n2/0.0000
group_11378,EC:4.2.1.134/0.0000
group_11368,EC:7.2.4.3/0.0004
group_11373,EC:3.6.4.12/0.0000,EC:3.2.2.22/0.0000
group_11383,EC:6.4.1.8/0.0013
group_11371,EC:2.7.1.78/0.0000
group_11377,EC:2.4.2.31/0.0013
group_11375,EC:6.2.1.14/0.0000
group_11372,EC:2.4.1.198/0.0001
group_11385,EC:3.6.4.12/0.0031
group_11387,EC:3.1.21.4/0.1638
group_11388,EC:3.2.1.17/0.1818
group_11390,EC:3.4.21.88/0.4613
group_11426,EC:3.1.21.10/0.0006,EC:3.1.21.4/0.0004
group_11423,EC:4.2.1.2/0.2017
group_11437,EC:4.2.3.66/0.0002,EC:2.1.1.86/0.0002
group_11401,EC:2.3.1.48/0.0000
group_11424,EC:2.1.1.72/0.0273
parM_1,EC:3.1.21.4/0.0000,EC:3.1.21.5/0.0000
group_11427,EC:3.1.21.4/0.1168
group_11418,EC:2.7.8.37/0.0003
group_11395,EC:3.5.1.56/0.0007
group_11433,EC:2.1.1.86/0.0083
group_11413,EC:4.2.1.2/0.0323
group_11414,EC:4.7.1.1/0.0022
group_11400,EC:2.5.1.9/0.0003
group_11406,EC:2.7.7.6/0.0001
traI_1,EC:5.4.99.22/0.0099
group_11435,EC:1.16.1.7/0.0047
group_11397,EC:2.8.4.1/0.0071,EC:3.1.21.4/0.0061
group_11402,EC:3.1.21.4/0.0000
group_11396,EC:1.8.5.2/0.0002
group_11441,EC:4.1.1.22/0.0000,EC:2.8.4.1/0.0000
group_276,EC:2.1.1.86/0.0016
group_11442,EC:2.6.1.1/0.0002
group_11448,EC:2.4.1.305/0.9106
rfbX_2,EC:2.7.13.3/0.0001
group_11445,EC:6.5.1.1/0.0016
group_11449,EC:2.1.1.148/0.0010
group_11450,EC:2.7.8.20/0.0000
group_4768,EC:1.14.13.244/0.0014
group_5762,EC:4.2.1.2/0.0144
group_11457,EC:5.4.3.5/0.0002,EC:4.2.1.2/0.0001,EC:6.4.1.8/0.0001
group_11459,EC:4.2.1.2/0.0081
group_11483,EC:4.2.1.104/0.0005
group_11509,EC:4.2.1.104/0.0050
group_11503,EC:3.2.1.17/0.9474
group_11487,EC:3.6.4.12/0.0793
group_11494,EC:4.7.1.1/0.0006
group_11504,EC:4.2.1.2/0.1106
group_11489,EC:3.1.21.1/0.2041
group_11507,EC:3.1.21.1/0.0000
group_11513,EC:2.4.1.198/0.0000
group_11515,EC:2.7.7.48/0.0000
group_11517,EC:1.1.1.105/0.0002
group_5626,EC:1.3.3.11/0.0049,EC:1.14.13.244/0.0040
group_6320,EC:3.1.4.1/0.0010,EC:1.3.7.2/0.0008
group_11547,EC:3.1.31.1/0.8326
group_11519,EC:2.1.1.86/0.0001
group_11525,EC:1.3.7.12/0.0060
group_11527,EC:3.1.21.4/0.0056
group_11526,EC:5.4.99.5/0.1191
group_11528,EC:6.4.1.6/0.0009,EC:1.12.1.2/0.0006
group_11551,EC:1.3.7.3/0.0004
group_11549,EC:4.2.3.38/0.0196
group_11574,EC:3.1.21.4/0.0014
traB,EC:3.4.21.97/0.0037
group_11566,EC:1.12.1.2/0.0001
group_11570,EC:1.3.7.6/0.0012
group_11567,EC:2.1.1.148/0.0495
group_11578,EC:4.2.1.28/0.0013
group_11587,EC:2.7.13.3/0.0000,EC:3.6.4.12/0.0000
group_11588,EC:3.6.5.5/0.0006
group_11580,EC:3.1.21.4/0.0049
group_11586,EC:2.1.1.86/0.0000
group_11584,EC:2.7.7.6/0.0705
group_11593,EC:1.14.13.244/0.0310
group_11596,EC:2.7.13.3/0.0000
group_11534,EC:1.1.2.7/0.0044
group_11522,EC:2.1.1.86/0.0118
group_11597,EC:1.4.9.1/0.0005
group_11598,EC:2.4.1.198/0.0022
group_6202,EC:2.1.1.318/0.0017
group_5838,EC:1.3.7.5/0.0027
group_7175,EC:3.2.1.35/0.0127
yfdK_2,EC:4.3.99.4/0.0000
group_1011,EC:2.4.1.248/0.0000
group_7896,EC:3.4.23.44/0.0137
group_775,EC:2.4.1.211/0.0000
group_5330,EC:3.4.11.19/0.0000
group_6758,EC:5.2.1.8/0.0000
group_6545,EC:3.4.23.44/0.0000
group_7343,EC:4.2.1.81/0.0001
group_1638,EC:2.1.1.86/0.0000
group_471,EC:3.6.4.12/0.0016
group_4624,EC:7.2.1.1/0.0000
group_118,EC:4.2.1.2/0.0014
group_5948,EC:1.4.1.24/0.0000
group_7090,EC:2.7.7.6/0.0001
group_11599,EC:3.1.21.4/0.0176
group_11600,EC:3.4.22.65/0.0048
ymfL,EC:2.7.1.16/0.0001
group_7108,EC:2.1.1.148/0.0001
group_5761,EC:3.5.5.8/0.0023
group_11571,EC:3.1.1.4/0.0084,EC:3.1.1.3/0.0064
group_11601,EC:1.12.1.2/0.0106
group_11559,EC:2.1.1.86/0.9140
group_11602,EC:2.4.1.198/0.0021
group_11581,EC:1.13.11.8/0.0000
group_11582,EC:3.6.1.15/0.0001
group_11612,EC:5.2.1.14/0.0001
group_11607,EC:3.2.2.22/0.0000,EC:2.8.4.1/0.0000
group_11613,EC:7.2.4.3/0.0009
group_11611,EC:3.1.3.78/0.0000
virB4_2,EC:1.4.1.4/0.0000
group_11615,EC:2.7.8.20/0.0001
group_11609,EC:1.12.98.3/0.0001
group_6056,EC:4.2.2.n2/0.0002
recD2,EC:5.6.2.1/0.0000
traD,EC:2.4.1.198/0.0001
uvrA_2,EC:3.6.1.54/0.0000
group_11618,EC:2.1.1.148/0.0137,EC:1.3.7.3/0.0110
group_11617,EC:1.4.3.5/0.0015
group_11619,EC:3.1.26.5/0.0006
group_11620,EC:4.2.99.18/0.0021
umuC_2,EC:2.7.7.7/0.9263
group_11621,EC:5.5.1.12/0.0171
group_11622,EC:3.11.1.2/0.1309
group_11623,EC:4.2.1.28/0.0049
group_11624,EC:2.1.1.148/0.0647
pinR,EC:3.6.4.12/0.0072
group_11634,EC:2.1.1.148/0.0076
group_11632,EC:1.12.1.2/0.0002,EC:2.7.7.6/0.0002
group_11627,EC:1.14.13.25/0.0017
group_11628,EC:2.4.1.198/0.0005
group_11629,EC:4.1.1.22/0.0049
group_11625,EC:3.6.1.15/0.0018
group_11635,EC:3.1.21.4/0.0034
group_11630,EC:1.14.13.244/0.0117
group_11631,EC:3.2.1.35/0.0006
group_11633,EC:3.1.21.4/0.0385
group_11626,EC:4.2.3.75/0.0005
frmR_2,EC:2.5.1.17/0.0004
group_11636,EC:1.3.1.3/0.0000
frmB_2,EC:3.1.2.12/0.9972
group_11637,EC:1.5.1.41/0.0000
group_11638,EC:3.2.2.22/0.0014,EC:4.6.1.24/0.0012,EC:3.1.1.59/0.0010
group_11639,EC:4.2.3.38/0.0001
group_11640,EC:1.3.7.2/0.0000
group_11641,EC:1.14.14.1/0.0021
group_11642,EC:2.7.10.1/0.0038
group_11644,EC:3.1.21.4/0.0206
group_11643,EC:3.1.21.4/0.0185
group_11646,EC:3.1.11.6/0.0000
group_11645,EC:2.7.7.6/0.1687
bin3_1,EC:6.5.1.1/0.0001
group_11647,EC:1.15.1.1/0.0018,EC:3.2.2.22/0.0015,EC:2.8.4.1/0.0012
group_11648,EC:5.6.2.1/0.0033,EC:2.1.1.72/0.0022
group_11649,EC:1.14.14.26/0.0000
group_11651,EC:2.7.7.65/0.8863
group_11650,EC:2.5.1.90/0.0000
group_11652,EC:3.1.21.4/0.0046
group_11653,EC:1.16.1.7/0.0005
group_11658,EC:3.4.17.6/0.0001,EC:2.6.1.45/0.0001,EC:7.2.1.1/0.0001,EC:2.1.1.86/0.0000
yjiK_1,EC:3.6.1.5/0.0005
group_11655,EC:1.14.14.3/0.0000
group_11654,EC:1.12.1.2/0.0034
group_11657,EC:1.11.1.9/0.2237
group_11656,EC:2.7.8.8/0.0021
group_11659,EC:2.4.1.256/0.0000,EC:2.4.2.47/0.0000,EC:2.3.2.27/0.0000
group_11660,EC:2.4.1.287/0.0000
group_8949,EC:3.1.21.4/0.0001,EC:2.3.2.22/0.0001
group_8946,EC:3.1.21.4/0.1417
group_11662,EC:3.2.1.2/0.0000
group_11661,EC:1.4.3.2/0.0063
group_11663,EC:1.11.1.7/0.0060
group_11664,EC:3.4.24.50/0.0089
group_11665,EC:3.1.21.4/0.0000,EC:2.1.1.72/0.0000
group_11666,EC:2.7.7.6/0.0220
group_11667,EC:7.2.1.1/0.0005
group_11668,EC:2.1.1.72/0.1992
group_11669,EC:3.1.21.4/0.0001
group_11670,EC:2.7.7.6/0.0476
group_11672,EC:3.1.21.4/0.0000,EC:3.1.1.29/0.0000
group_11671,EC:3.2.1.129/0.0000
group_6489,EC:1.4.3.2/0.0014
group_4810,EC:4.2.1.2/0.1640
group_11674,EC:3.1.3.36/0.0000,EC:3.1.3.86/0.0000,EC:2.7.7.49/0.0000,EC:2.7.7.7/0.0000
group_11675,EC:3.1.21.9/0.0000
group_11677,EC:7.2.4.3/0.0034
group_2568,EC:3.1.26.5/0.0025
group_2661,EC:2.7.13.3/0.0016
group_589,EC:2.1.1.113/0.0007
group_11679,EC:2.4.1.305/0.9830
galE_3,EC:5.1.3.2/0.9938
group_11678,EC:2.4.1.58/0.0001
glyG,EC:2.4.1.60/0.0050
group_11680,EC:1.14.12.15/0.0041
group_11681,EC:3.1.21.4/0.7720
fimB_1,EC:2.1.1.72/0.0024
group_11682,EC:2.1.1.72/0.0012
group_11683,EC:4.2.1.152/0.0020
group_11684,EC:3.1.21.3/0.0000
group_11685,EC:2.4.2.31/0.0000,EC:3.2.2.5/0.0000,EC:2.1.1.148/0.0000
group_11686,EC:3.4.24.50/0.0279
group_11687,EC:3.2.1.58/0.2098
group_7954,EC:2.1.1.86/0.0004
group_5627,EC:6.4.1.6/0.0000
yafC_1,EC:6.2.1.50/0.0000
yqhD_2,EC:1.1.1.192/0.9408
group_1631,EC:1.1.1.50/0.5168
uidR_2,EC:7.5.2.5/0.0001
group_11688,EC:3.5.3.1/0.7875
group_11573,EC:3.1.21.4/0.0006
group_11520,EC:3.2.2.22/0.0001
group_1813,EC:2.4.2.31/0.0013
group_2205,EC:3.4.24.50/0.0347
group_11689,EC:3.1.3.16/0.7589
group_11690,EC:2.7.11.1/0.7139
group_6788,EC:2.7.7.48/0.0004
group_2978,EC:3.1.21.4/0.0009,EC:6.2.1.14/0.0005
group_11691,EC:3.1.21.4/0.0030
group_11692,EC:5.4.99.5/0.0006
group_11693,EC:1.14.13.244/0.0005
group_11704,EC:4.2.1.2/0.0005
group_11701,EC:2.7.7.48/0.0009
group_11717,EC:4.2.1.28/0.0006
group_11714,EC:4.99.1.2/0.0001
group_11721,EC:5.3.4.1/0.0048
group_11720,EC:2.4.2.31/0.0021,EC:3.1.21.4/0.0019
group_11719,EC:6.5.1.1/0.0033
group_11724,EC:3.1.26.8/0.0011
group_11731,EC:3.1.21.4/0.0312
group_11734,EC:3.1.21.4/0.0459
group_11725,EC:2.1.1.37/0.9939
group_2734,EC:5.4.99.5/0.0015,EC:1.3.7.5/0.0013
group_11738,EC:5.6.2.2/0.0000
group_11740,EC:6.2.1.14/0.6909
group_11739,EC:1.14.12.12/0.0000
group_11741,EC:3.2.2.19/0.0000,EC:3.2.2.24/0.0000
group_2397,EC:3.1.21.5/0.0020
group_1345,EC:5.6.2.2/0.0000
group_11743,EC:3.1.26.5/0.0000
group_11742,EC:3.1.21.4/0.0424
add_2,EC:4.2.3.71/0.0000
group_11753,EC:3.1.21.4/0.9473
group_11752,EC:3.4.22.39/0.0000,EC:3.5.4.37/0.0000
group_11750,EC:3.1.4.17/0.0039
group_11751,EC:1.18.1.3/0.0001
group_8266,EC:4.2.1.2/0.0000
group_3792,EC:4.2.1.2/0.0213
group_11754,EC:3.1.21.4/0.0240
group_11755,EC:1.11.1.7/0.0506,EC:3.5.2.6/0.0311
group_6671,EC:3.1.21.4/0.0000,EC:4.4.1.24/0.0000
group_1829,EC:1.12.1.2/0.0001
group_6386,EC:2.7.11.2/0.0088
group_6672,EC:2.5.1.34/0.0000
group_809,EC:3.1.21.4/0.0198
group_5127,EC:3.4.23.42/0.0000
group_11756,EC:3.1.21.10/0.0002
group_11757,EC:3.1.21.4/0.0002
group_11758,EC:3.1.21.4/0.0133
group_11759,EC:3.6.4.12/0.0032
group_11771,EC:3.1.1.86/0.0022
group_11761,EC:4.2.3.38/0.0045
group_11763,EC:4.2.3.104/0.0102
group_11762,EC:3.3.1.2/0.0008
group_11772,EC:4.1.1.102/0.0000
group_11766,EC:1.3.7.2/0.0001
traC_2,EC:4.2.3.26/0.0000,EC:3.1.7.11/0.0000
group_11760,EC:4.2.1.2/0.0044
group_11767,EC:1.3.7.5/0.0001,EC:1.3.7.2/0.0001
group_11770,EC:3.2.2.6/0.0002,EC:1.23.5.1/0.0002
group_11764,EC:2.3.2.26/0.0063
group_11768,EC:3.1.21.4/0.0001
group_11791,EC:2.4.2.31/0.0006
group_11785,EC:3.1.26.5/0.0000,EC:1.12.98.3/0.0000,EC:2.7.7.6/0.0000,EC:2.3.3.14/0.0000
group_11794,EC:3.2.2.5/0.0117,EC:2.4.2.31/0.0105
group_11782,EC:3.2.2.22/0.0480,EC:2.4.2.36/0.0233
group_11781,EC:3.5.2.6/0.0011,EC:5.2.1.8/0.0010
group_11775,EC:2.7.13.3/0.0012
group_11797,EC:1.14.19.53/0.0000
group_11796,EC:3.2.2.5/0.0018,EC:2.4.2.31/0.0011
group_11790,EC:3.2.2.22/0.0002
group_11779,EC:1.16.1.7/0.0000
group_11789,EC:7.2.1.1/0.0002
group_11774,EC:7.2.1.1/0.0000
group_11784,EC:7.2.4.2/0.0002
group_11777,EC:7.2.4.2/0.0059
group_11773,EC:5.4.99.5/0.0655
group_11778,EC:2.3.1.184/0.0007
group_11786,EC:1.3.99.39/0.0000
group_11776,EC:3.6.4.12/0.0001,EC:6.6.1.2/0.0001
group_11780,EC:2.1.1.86/0.0005
group_11788,EC:3.1.1.59/0.0000
group_11792,EC:3.2.1.17/0.0275
group_11795,EC:2.7.13.3/0.0030
group_11787,EC:2.3.1.48/0.0000,EC:2.3.2.28/0.0000,EC:2.7.13.3/0.0000
group_11793,EC:2.3.1.288/0.0000
group_11798,EC:3.4.24.58/0.0223
fyuA_2,EC:2.7.8.42/0.0000
ampG_3,EC:2.4.1.32/0.0000
group_11800,EC:2.1.1.243/0.0003
dltA_4,EC:2.4.1.265/0.0000
cmoM_2,EC:2.3.1.39/0.0196
group_11799,EC:1.4.1.16/0.0000
pikAV_3,EC:3.1.2.14/0.4391
msbA_3,EC:7.4.2.5/0.0010
msbA_4,EC:7.5.2.5/0.0340,EC:7.5.2.3/0.0183
group_11805,EC:2.7.10.2/0.0003
group_11807,EC:3.2.2.17/0.0007,EC:2.1.1.148/0.0005
group_11802,EC:3.6.4.12/0.4778
group_11803,EC:3.1.21.4/0.0000,EC:2.3.2.27/0.0000
group_11804,EC:2.1.1.369/0.0000,EC:3.4.24.18/0.0000
group_11811,EC:3.1.21.4/0.0006
group_11810,EC:2.3.1.48/0.0064
group_11813,EC:1.18.1.3/0.0000
group_11801,EC:2.1.1.148/0.4945
group_11808,EC:3.1.1.4/0.0014
group_11809,EC:3.1.21.4/0.0010
group_11806,EC:1.1.2.7/0.0011
group_11812,EC:4.2.3.38/0.0003
group_11814,EC:4.2.1.2/0.0052
group_11822,EC:1.5.1.44/0.0000
group_11818,EC:1.12.1.2/0.0010
insN1_2,EC:2.6.1.45/0.0059
insO2,EC:7.1.1.2/0.0001
group_11815,EC:3.1.21.10/0.0143
group_11823,EC:1.16.1.7/0.0013,EC:1.97.1.12/0.0013,EC:1.97.1.9/0.0012
group_11819,EC:2.6.1.1/0.0045,EC:1.11.1.7/0.0040,EC:3.2.2.22/0.0029
btuB_3,EC:5.1.3.15/0.0045,EC:4.2.1.1/0.0033
group_11817,EC:4.2.1.1/0.0085
group_11816,EC:2.7.10.1/0.0009,EC:1.1.1.1/0.0009
group_11820,EC:1.14.14.148/0.0011
group_11821,EC:2.6.1.1/0.0001
hifA,EC:3.1.1.14/0.0005
group_6207,EC:2.3.1.43/0.0000,EC:3.1.1.5/0.0000,EC:3.1.1.32/0.0000,EC:1.3.5.3/0.0000
group_7260,EC:4.2.1.28/0.0016
group_11825,EC:2.4.1.82/0.0001,EC:3.2.1.18/0.0001
group_11826,EC:2.4.1.248/0.0001
group_11827,EC:3.2.2.22/0.0018
group_1597,EC:3.1.21.4/0.0011
group_5464,EC:3.1.26.5/0.0006
group_7814,EC:2.4.2.31/0.0000
group_6330,EC:3.2.2.22/0.0009
group_2600,EC:1.16.1.7/0.0004
group_590,EC:3.1.1.4/0.0047,EC:2.7.7.88/0.0046,EC:2.1.1.375/0.0046
group_8094,EC:3.2.2.22/0.0013
group_11828,EC:3.4.22.45/0.0220
group_11830,EC:3.1.26.5/0.0505
group_11831,EC:1.4.3.2/0.0040
group_11829,EC:3.4.24.3/0.0000
group_11832,EC:7.5.2.5/0.0005
rob_1,EC:2.3.1.48/0.0023
group_11834,EC:3.4.21.32/0.0000
