Genome,Fraction,length
NT12268,perc_covered,68.82360182823163
NT12268,perc_unc,31.17639817176837
NT12138_281,perc_covered,68.79682081415984
NT12138_281,perc_unc,31.203179185840156
141,perc_covered,68.44631760927234
141,perc_unc,31.55368239072766
142,perc_covered,68.3637396177801
142,perc_unc,31.636260382219902
NT12005_17,perc_covered,68.31711357907868
NT12005_17,perc_unc,31.68288642092132
188,perc_covered,68.24629591085312
188,perc_unc,31.75370408914688
NT12042_225,perc_covered,68.08681143519928
NT12042_225,perc_unc,31.91318856480072
37,perc_covered,68.06550379012009
37,perc_unc,31.93449620987991
NT12400_381,perc_covered,68.04020502791886
NT12400_381,perc_unc,31.95979497208114
NT12085_258,perc_covered,67.92014567073123
NT12085_258,perc_unc,32.07985432926877
NT12619_170,perc_covered,67.88562268728752
NT12619_170,perc_unc,32.11437731271248
82,perc_covered,67.8476355303431
82,perc_unc,32.1523644696569
NT12098_101,perc_covered,67.84081045662644
NT12098_101,perc_unc,32.15918954337356
NT12317_353,perc_covered,67.78128782669633
NT12317_353,perc_unc,32.21871217330367
195,perc_covered,67.75185598757261
195,perc_unc,32.24814401242739
NT12008_101,perc_covered,67.73569532140851
NT12008_101,perc_unc,32.264304678591486
78,perc_covered,67.69068216452627
78,perc_unc,32.309317835473735
NT12116_100,perc_covered,67.69050928091873
NT12116_100,perc_unc,32.30949071908127
NT12275,perc_covered,67.68156336438547
NT12275,perc_unc,32.31843663561453
NT12093_170,perc_covered,67.6810041228626
NT12093_170,perc_unc,32.3189958771374
NT12139_282,perc_covered,67.6401028864472
NT12139_282,perc_unc,32.359897113552805
NT12003_214,perc_covered,67.6121102439722
NT12003_214,perc_unc,32.3878897560278
NT12343_357,perc_covered,67.605310307666
NT12343_357,perc_unc,32.394689692334
NT12704_20,perc_covered,67.57950430816629
NT12704_20,perc_unc,32.42049569183371
NT12705_21,perc_covered,67.57950430816629
NT12705_21,perc_unc,32.42049569183371
NT12427_396,perc_covered,67.50596280778673
NT12427_396,perc_unc,32.49403719221327
NT12094_30,perc_covered,67.46145673525294
NT12094_30,perc_unc,32.53854326474706
NT12034_46,perc_covered,67.42783171408267
NT12034_46,perc_unc,32.57216828591733
NT12023_38,perc_covered,67.42732812114002
NT12023_38,perc_unc,32.57267187885998
NT12022_37,perc_covered,67.41752587190531
NT12022_37,perc_unc,32.58247412809469
FOC_10,perc_covered,67.40981154683745
FOC_10,perc_unc,32.590188453162554
NT12049_53,perc_covered,67.37046083970797
NT12049_53,perc_unc,32.629539160292026
NT12354,perc_covered,67.36251681996762
NT12354,perc_unc,32.637483180032376
NT12259,perc_covered,67.31217256817814
NT12259,perc_unc,32.68782743182186
181,perc_covered,67.30927408550727
181,perc_unc,32.69072591449273
NT12024_39,perc_covered,67.26890668680129
NT12024_39,perc_unc,32.73109331319871
194,perc_covered,67.24141240258234
194,perc_unc,32.75858759741766
NT12239,perc_covered,67.19349960302225
NT12239,perc_unc,32.806500396977754
NT12012_88,perc_covered,67.18717495151326
NT12012_88,perc_unc,32.812825048486744
NT12346_358,perc_covered,67.10670386081848
NT12346_358,perc_unc,32.893296139181516
NT12373,perc_covered,67.10534493606492
NT12373,perc_unc,32.894655063935076
NT12026_41,perc_covered,67.10147628743914
NT12026_41,perc_unc,32.89852371256086
NT12083_256,perc_covered,67.07842647871058
NT12083_256,perc_unc,32.92157352128942
58,perc_covered,67.04169716870554
58,perc_unc,32.95830283129446
NT12067_242,perc_covered,67.04107149614951
NT12067_242,perc_unc,32.95892850385049
NT12080_254,perc_covered,67.03673880435291
NT12080_254,perc_unc,32.96326119564709
NT12109_96,perc_covered,66.98101414372309
NT12109_96,perc_unc,33.01898585627691
NT12437,perc_covered,66.96344035232585
NT12437,perc_unc,33.03655964767415
NT12037_222,perc_covered,66.95471966383585
NT12037_222,perc_unc,33.045280336164154
NT12117_268,perc_covered,66.92493618942717
NT12117_268,perc_unc,33.07506381057283
NT12001_189,perc_covered,66.9158954613573
NT12001_189,perc_unc,33.084104538642706
NT12033_45,perc_covered,66.78504825066254
NT12033_45,perc_unc,33.21495174933746
NT12004_22,perc_covered,66.72150887763688
NT12004_22,perc_unc,33.27849112236312
NT12013_22,perc_covered,66.72150887763688
NT12013_22,perc_unc,33.27849112236312
NT12014_22,perc_covered,66.72150887763688
NT12014_22,perc_unc,33.27849112236312
147,perc_covered,66.68443008533328
147,perc_unc,33.315569914666725
NT12298_342,perc_covered,66.65508715373942
NT12298_342,perc_unc,33.344912846260584
NT12095_187,perc_covered,66.63262298989552
NT12095_187,perc_unc,33.36737701010448
NT12421_391,perc_covered,66.59644161225722
NT12421_391,perc_unc,33.40355838774278
NT12319_354,perc_covered,66.5926428868432
NT12319_354,perc_unc,33.407357113156806
179,perc_covered,66.56329172344351
179,perc_unc,33.43670827655649
NT12032_221,perc_covered,66.56145981456673
NT12032_221,perc_unc,33.43854018543327
NT12347_359,perc_covered,66.53098087485826
NT12347_359,perc_unc,33.46901912514174
NT12105_263,perc_covered,66.51300918713713
NT12105_263,perc_unc,33.48699081286287
32,perc_covered,66.49016605409808
32,perc_unc,33.50983394590192
79,perc_covered,66.48538623710117
79,perc_unc,33.51461376289883
NT12050,perc_covered,66.46521472088865
NT12050,perc_unc,33.53478527911135
NT12123_272,perc_covered,66.45907628526511
NT12123_272,perc_unc,33.54092371473489
67,perc_covered,66.45378791902692
67,perc_unc,33.54621208097308
NT12107_264,perc_covered,66.44440467508164
NT12107_264,perc_unc,33.55559532491836
76,perc_covered,66.36758021759482
76,perc_unc,33.63241978240518
74,perc_covered,66.31129907666808
74,perc_unc,33.68870092333192
NT12041_224,perc_covered,66.28229938789032
NT12041_224,perc_unc,33.71770061210968
NT12002_188,perc_covered,66.16301253278206
NT12002_188,perc_unc,33.83698746721794
NT12035_47,perc_covered,66.16052251166111
NT12035_47,perc_unc,33.839477488338886
NT12021_218,perc_covered,66.15316622984508
NT12021_218,perc_unc,33.846833770154916
180,perc_covered,66.1524552873228
180,perc_unc,33.847544712677205
NT12029_43,perc_covered,66.14240056592915
NT12029_43,perc_unc,33.85759943407085
NT12091_12,perc_covered,66.13391968089118
NT12091_12,perc_unc,33.86608031910882
NT12351,perc_covered,66.13037218531258
NT12351,perc_unc,33.86962781468742
NT12017_35,perc_covered,66.12070525908929
NT12017_35,perc_unc,33.87929474091071
44,perc_covered,66.04929457058995
44,perc_unc,33.95070542941005
NT12426_777,perc_covered,66.00727364723332
NT12426_777,perc_unc,33.99272635276668
NT12036_48,perc_covered,65.92644031796455
NT12036_48,perc_unc,34.07355968203545
NT12417,perc_covered,65.92595490279092
NT12417,perc_unc,34.07404509720908
1.2,perc_covered,65.91605772549465
1.2,perc_unc,34.08394227450535
NT12316,perc_covered,65.87048329036601
NT12316,perc_unc,34.12951670963399
196,perc_covered,65.8226752618822
196,perc_unc,34.177324738117804
87,perc_covered,65.73943909355339
87,perc_unc,34.260560906446614
NT12074_248,perc_covered,65.73661224139863
NT12074_248,perc_unc,34.26338775860137
40,perc_covered,65.73657171645483
40,perc_unc,34.26342828354517
NT12349,perc_covered,65.70233759908926
NT12349,perc_unc,34.29766240091074
NT12141_284,perc_covered,65.70085142900412
NT12141_284,perc_unc,34.29914857099588
NT12063_57,perc_covered,65.6532675022911
NT12063_57,perc_unc,34.3467324977089
NT12043_226,perc_covered,65.61203633853609
NT12043_226,perc_unc,34.387963661463914
NT12051_54,perc_covered,65.57068649412636
NT12051_54,perc_unc,34.42931350587364
NT12084_257,perc_covered,65.54807871622009
NT12084_257,perc_unc,34.45192128377991
60,perc_covered,65.52873447126552
60,perc_unc,34.47126552873448
172,perc_covered,65.5192254031684
172,perc_unc,34.480774596831594
193,perc_covered,65.48614034156957
193,perc_unc,34.513859658430434
144,perc_covered,65.4563004703963
144,perc_unc,34.5436995296037
NT12435_399,perc_covered,65.43157755834214
NT12435_399,perc_unc,34.56842244165786
NT12006_215,perc_covered,65.42780231225687
NT12006_215,perc_unc,34.57219768774313
NT12350,perc_covered,65.35632466603813
NT12350,perc_unc,34.643675333961866
86,perc_covered,65.29239754521772
86,perc_unc,34.707602454782275
103,perc_covered,65.2639309037426
103,perc_unc,34.736069096257395
NT12386,perc_covered,65.25905392984242
NT12386,perc_unc,34.74094607015758
NT12111_265,perc_covered,65.21725465412203
NT12111_265,perc_unc,34.78274534587797
NT12125_274,perc_covered,65.21417424784201
NT12125_274,perc_unc,34.78582575215799
NT12433,perc_covered,65.19540504897263
NT12433,perc_unc,34.80459495102737
NT12320_355,perc_covered,65.18434220991716
NT12320_355,perc_unc,34.81565779008284
95,perc_covered,65.14574622917651
95,perc_unc,34.85425377082349
NT12321_356,perc_covered,65.13670814293263
NT12321_356,perc_unc,34.86329185706737
99,perc_covered,65.08199903925322
99,perc_unc,34.91800096074678
NT12405,perc_covered,65.06265996398771
NT12405,perc_unc,34.93734003601229
171,perc_covered,65.05394958323035
171,perc_unc,34.94605041676965
85,perc_covered,65.0518781767911
85,perc_unc,34.94812182320889
155,perc_covered,65.05103804164646
155,perc_unc,34.948961958353536
127,perc_covered,65.03243923775692
127,perc_unc,34.96756076224308
47,perc_covered,65.02080221754774
47,perc_unc,34.97919778245226
NT12110_97,perc_covered,64.99641440507953
NT12110_97,perc_unc,35.003585594920466
114,perc_covered,64.98449701043366
114,perc_unc,35.01550298956634
NT12399,perc_covered,64.91548155500365
NT12399,perc_unc,35.08451844499635
NT12442_402,perc_covered,64.91349755297664
NT12442_402,perc_unc,35.08650244702336
NT12440_401,perc_covered,64.90346304869914
NT12440_401,perc_unc,35.09653695130086
118,perc_covered,64.8793745436871
118,perc_unc,35.120625456312894
214,perc_covered,64.85976641101163
214,perc_unc,35.140233588988366
NT12380,perc_covered,64.85748715703164
NT12380,perc_unc,35.14251284296836
NT12106_94,perc_covered,64.85449114132675
NT12106_94,perc_unc,35.14550885867325
54,perc_covered,64.84313283045981
54,perc_unc,35.15686716954019
NT12327_134,perc_covered,64.84124212618346
NT12327_134,perc_unc,35.15875787381654
NT12352,perc_covered,64.82655457450736
NT12352,perc_unc,35.173445425492645
55,perc_covered,64.77560809228655
55,perc_unc,35.22439190771345
121,perc_covered,64.74241149602533
121,perc_unc,35.257588503974674
NT12382_374,perc_covered,64.72642772706337
NT12382_374,perc_unc,35.27357227293663
NT12101_91,perc_covered,64.70244991312065
NT12101_91,perc_unc,35.297550086879355
116,perc_covered,64.69851063300104
116,perc_unc,35.301489366998965
110,perc_covered,64.67274133518907
110,perc_unc,35.32725866481093
212,perc_covered,64.65552526015776
212,perc_unc,35.34447473984224
NT12099_89,perc_covered,64.649428822966
NT12099_89,perc_unc,35.350571177034
NT12404_383,perc_covered,64.62287976830613
NT12404_383,perc_unc,35.377120231693866
45,perc_covered,64.61806082862783
45,perc_unc,35.38193917137217
51,perc_covered,64.61543430520086
51,perc_unc,35.384565694799136
NT12578_703,perc_covered,64.60743466528605
NT12578_703,perc_unc,35.39256533471395
170,perc_covered,64.60078879771717
170,perc_unc,35.39921120228283
231,perc_covered,64.59995848929668
231,perc_unc,35.40004151070332
NT12401,perc_covered,64.58106260873839
NT12401,perc_unc,35.41893739126161
88,perc_covered,64.5655861744048
88,perc_unc,35.4344138255952
109,perc_covered,64.56210115591159
109,perc_unc,35.43789884408841
NT12613,perc_covered,64.55742946088321
NT12613,perc_unc,35.44257053911679
NT12113_98,perc_covered,64.5486378308038
NT12113_98,perc_unc,35.4513621691962
NT12045_52,perc_covered,64.52202144387394
NT12045_52,perc_unc,35.47797855612606
113,perc_covered,64.46642662947983
113,perc_unc,35.53357337052017
NT12443,perc_covered,64.45593947980888
NT12443,perc_unc,35.544060520191124
91,perc_covered,64.45331734107695
91,perc_unc,35.54668265892305
43,perc_covered,64.41898759090448
43,perc_unc,35.58101240909552
NT12271,perc_covered,64.37581906668248
NT12271,perc_unc,35.62418093331752
46,perc_covered,64.35838287361332
46,perc_unc,35.64161712638668
124,perc_covered,64.34967998180419
124,perc_unc,35.65032001819581
NT12119_102,perc_covered,64.3109597481047
NT12119_102,perc_unc,35.68904025189531
41,perc_covered,64.30278371779032
41,perc_unc,35.69721628220968
NT12368,perc_covered,64.29873846554867
NT12368,perc_unc,35.701261534451334
NT12315_352,perc_covered,64.24526846188962
NT12315_352,perc_unc,35.75473153811038
203,perc_covered,64.24268573567761
203,perc_unc,35.75731426432239
NT12355_361,perc_covered,64.21053417797967
NT12355_361,perc_unc,35.78946582202033
2,perc_covered,64.20099279802267
2,perc_unc,35.79900720197733
NT12031_44,perc_covered,64.1992710905857
NT12031_44,perc_unc,35.8007289094143
NT12020_217,perc_covered,64.19836229929305
NT12020_217,perc_unc,35.80163770070695
174,perc_covered,64.19604963256965
174,perc_unc,35.803950367430346
198,perc_covered,64.18206031857336
198,perc_unc,35.81793968142664
NT12376,perc_covered,64.17864257819056
NT12376,perc_unc,35.82135742180944
NT12413_387,perc_covered,64.17315735235863
NT12413_387,perc_unc,35.82684264764137
NT12457_191,perc_covered,64.08000768293559
NT12457_191,perc_unc,35.91999231706441
NT12030_220,perc_covered,64.0775727292359
NT12030_220,perc_unc,35.9224272707641
NT12414_388,perc_covered,64.05939876560473
NT12414_388,perc_unc,35.940601234395274
NT12344,perc_covered,64.03550755219212
NT12344,perc_unc,35.964492447807885
139,perc_covered,64.01520935390285
139,perc_unc,35.98479064609715
NT12348,perc_covered,63.9973199229665
NT12348,perc_unc,36.0026800770335
NT12377,perc_covered,63.9692348597777
NT12377,perc_unc,36.0307651402223
NT12207,perc_covered,63.95436310457896
NT12207,perc_unc,36.04563689542104
NT12131_107,perc_covered,63.919995884158666
NT12131_107,perc_unc,36.080004115841334
30,perc_covered,63.89007244220291
30,perc_unc,36.10992755779709
215,perc_covered,63.87882670078617
215,perc_unc,36.12117329921383
202,perc_covered,63.838261195097346
202,perc_unc,36.161738804902654
70,perc_covered,63.83536430406438
70,perc_unc,36.16463569593562
NT12115_267,perc_covered,63.797474068194646
NT12115_267,perc_unc,36.202525931805354
NT12258,perc_covered,63.77831179060153
NT12258,perc_unc,36.22168820939847
NT12237,perc_covered,63.760905204242576
NT12237,perc_unc,36.239094795757424
NT12293,perc_covered,63.738772654300746
NT12293,perc_unc,36.261227345699254
NT12406_384,perc_covered,63.734541708854465
NT12406_384,perc_unc,36.265458291145535
NT12240,perc_covered,63.71113235952313
NT12240,perc_unc,36.28886764047687
NT12087_260,perc_covered,63.69275920273532
NT12087_260,perc_unc,36.30724079726468
131,perc_covered,63.626491835588276
131,perc_unc,36.373508164411724
140,perc_covered,63.6202255776727
140,perc_unc,36.3797744223273
NT12458_192,perc_covered,63.61096709287541
NT12458_192,perc_unc,36.38903290712459
136,perc_covered,63.58300297974697
136,perc_unc,36.41699702025303
3,perc_covered,63.565389376003
3,perc_unc,36.434610623997
237,perc_covered,63.541793130472136
237,perc_unc,36.458206869527864
NT12450_34,perc_covered,63.53192981410004
NT12450_34,perc_unc,36.46807018589996
21,perc_covered,63.50681500111129
21,perc_unc,36.49318499888871
NT12149,perc_covered,63.45834040663225
NT12149,perc_unc,36.54165959336775
NT12118_269,perc_covered,63.45055042092791
NT12118_269,perc_unc,36.54944957907209
NT12046_227,perc_covered,63.443299072600276
NT12046_227,perc_unc,36.556700927399724
NT12011_132,perc_covered,63.4295591315672
NT12011_132,perc_unc,36.5704408684328
129,perc_covered,63.41024979234609
129,perc_unc,36.58975020765391
NT12044_51,perc_covered,63.40920273605756
NT12044_51,perc_unc,36.59079726394244
NT12047_228,perc_covered,63.38330856353719
NT12047_228,perc_unc,36.61669143646281
105,perc_covered,63.3807180688702
105,perc_unc,36.6192819311298
NT12081_59,perc_covered,63.36135430865287
NT12081_59,perc_unc,36.63864569134713
104,perc_covered,63.32752012944669
104,perc_unc,36.67247987055331
NT12090_204,perc_covered,63.28273237205083
NT12090_204,perc_unc,36.71726762794917
53,perc_covered,63.276152847797604
53,perc_unc,36.723847152202396
35,perc_covered,63.25444783870097
35,perc_unc,36.74555216129903
NT12086_259,perc_covered,63.21076509246043
NT12086_259,perc_unc,36.78923490753957
117,perc_covered,63.21037298261001
117,perc_unc,36.78962701738999
NT12134_279,perc_covered,63.20409750126667
NT12134_279,perc_unc,36.79590249873333
NT12103_262,perc_covered,63.192226187468094
NT12103_262,perc_unc,36.807773812531906
NT12394_379,perc_covered,63.16446982480193
NT12394_379,perc_unc,36.83553017519807
244,perc_covered,63.151992715542036
244,perc_unc,36.848007284457964
NT12179_315,perc_covered,63.14829948434423
NT12179_315,perc_unc,36.85170051565577
138,perc_covered,63.10083513826788
138,perc_unc,36.89916486173212
NT12016_152,perc_covered,63.09291812933476
NT12016_152,perc_unc,36.90708187066524
163,perc_covered,63.08972247908643
163,perc_unc,36.91027752091357
NT12148_289,perc_covered,63.089378948759546
NT12148_289,perc_unc,36.910621051240454
NT12028_42,perc_covered,63.07114260737174
NT12028_42,perc_unc,36.92885739262826
NT12548_673,perc_covered,63.06855555441495
NT12548_673,perc_unc,36.93144444558505
NT12112_266,perc_covered,63.043891743492765
NT12112_266,perc_unc,36.956108256507235
236,perc_covered,63.04090459165964
236,perc_unc,36.95909540834036
197,perc_covered,63.024912556498315
197,perc_unc,36.975087443501685
14,perc_covered,63.02230951409762
14,perc_unc,36.97769048590238
NT12078,perc_covered,63.01848308946207
NT12078,perc_unc,36.98151691053793
NT12152_292,perc_covered,63.00309863757406
NT12152_292,perc_unc,36.99690136242594
NT12070_245,perc_covered,62.994715963062895
NT12070_245,perc_unc,37.005284036937105
NT12532_179,perc_covered,62.9606112631757
NT12532_179,perc_unc,37.0393887368243
NT12100_90,perc_covered,62.955861774619606
NT12100_90,perc_unc,37.044138225380394
182,perc_covered,62.949117258736855
182,perc_unc,37.050882741263145
156,perc_covered,62.92624273532712
156,perc_unc,37.07375726467288
81,perc_covered,62.91803340195947
81,perc_unc,37.08196659804053
137,perc_covered,62.911555615052386
137,perc_unc,37.088444384947614
NT12236,perc_covered,62.89746823319713
NT12236,perc_unc,37.10253176680287
52,perc_covered,62.89207371051822
52,perc_unc,37.10792628948178
189,perc_covered,62.87873270947879
189,perc_unc,37.12126729052121
48,perc_covered,62.82945750245171
48,perc_unc,37.17054249754829
NT12381,perc_covered,62.804460469853254
NT12381,perc_unc,37.195539530146746
Nissle_Tn_parental,perc_covered,62.79367506871512
Nissle_Tn_parental,perc_unc,37.20632493128488
NT12173_309,perc_covered,62.787780249836835
NT12173_309,perc_unc,37.212219750163165
NT12429_397,perc_covered,62.76737140922365
NT12429_397,perc_unc,37.23262859077635
NT12356,perc_covered,62.7509194498963
NT12356,perc_unc,37.2490805501037
NT12241,perc_covered,62.74635404528889
NT12241,perc_unc,37.25364595471111
NT12419,perc_covered,62.74075698493843
NT12419,perc_unc,37.25924301506157
NT12617_147,perc_covered,62.717010431840805
NT12617_147,perc_unc,37.282989568159195
NT12335_135,perc_covered,62.6969585117675
NT12335_135,perc_unc,37.3030414882325
NT12339,perc_covered,62.682431881078706
NT12339,perc_unc,37.317568118921294
208,perc_covered,62.67089704661297
208,perc_unc,37.32910295338703
NT12415,perc_covered,62.66338063172103
NT12415,perc_unc,37.33661936827897
96,perc_covered,62.648629884191735
96,perc_unc,37.351370115808265
NT12150_291,perc_covered,62.62818113944558
NT12150_291,perc_unc,37.37181886055442
210,perc_covered,62.617825454960176
210,perc_unc,37.382174545039824
232,perc_covered,62.59232762071587
232,perc_unc,37.40767237928413
NT12172_308,perc_covered,62.589430662711955
NT12172_308,perc_unc,37.410569337288045
20,perc_covered,62.58874025183177
20,perc_unc,37.41125974816823
209,perc_covered,62.58621116652806
209,perc_unc,37.41378883347194
158,perc_covered,62.57734404441244
158,perc_unc,37.42265595558756
NT12428,perc_covered,62.545139285250364
NT12428,perc_unc,37.454860714749636
NT12542_667,perc_covered,62.52309996625362
NT12542_667,perc_unc,37.47690003374638
NT12122_271,perc_covered,62.50926221941459
NT12122_271,perc_unc,37.49073778058541
8,perc_covered,62.4940456026637
8,perc_unc,37.5059543973363
NT12307,perc_covered,62.49125534072929
NT12307,perc_unc,37.50874465927071
NT12120_270,perc_covered,62.485570638068225
NT12120_270,perc_unc,37.514429361931775
42,perc_covered,62.478711613521966
42,perc_unc,37.521288386478034
31,perc_covered,62.43166959605247
31,perc_unc,37.56833040394753
132,perc_covered,62.397364081032705
132,perc_unc,37.602635918967295
NT12596_721,perc_covered,62.392968551377926
NT12596_721,perc_unc,37.607031448622074
149,perc_covered,62.391590500081364
149,perc_unc,37.608409499918636
240,perc_covered,62.38521925397962
240,perc_unc,37.61478074602038
NT12039_223,perc_covered,62.38426170268786
NT12039_223,perc_unc,37.61573829731214
150,perc_covered,62.382982102451535
150,perc_unc,37.617017897548465
15,perc_covered,62.3793485635916
15,perc_unc,37.6206514364084
NT12079_253,perc_covered,62.36156433515271
NT12079_253,perc_unc,37.63843566484729
NT12038_49,perc_covered,62.35541264171989
NT12038_49,perc_unc,37.64458735828011
92,perc_covered,62.351302158950304
92,perc_unc,37.648697841049696
NT12360_768,perc_covered,62.339388612017075
NT12360_768,perc_unc,37.660611387982925
NT12353_360,perc_covered,62.32767994348959
NT12353_360,perc_unc,37.67232005651041
133,perc_covered,62.32641074610852
133,perc_unc,37.67358925389148
NT12308_348,perc_covered,62.32547479463505
NT12308_348,perc_unc,37.67452520536495
NT12584_709,perc_covered,62.321027323045676
NT12584_709,perc_unc,37.678972676954324
NT12418_389,perc_covered,62.30787074601694
NT12418_389,perc_unc,37.69212925398306
191,perc_covered,62.289366624193896
191,perc_unc,37.710633375806104
NT12392_378,perc_covered,62.27560560396618
NT12392_378,perc_unc,37.72439439603382
NT12121_103,perc_covered,62.274234370149564
NT12121_103,perc_unc,37.725765629850436
NT12076_250,perc_covered,62.240726544268064
NT12076_250,perc_unc,37.759273455731936
NT12278,perc_covered,62.22358939077205
NT12278,perc_unc,37.77641060922795
NT12246,perc_covered,62.212198885847016
NT12246,perc_unc,37.787801114152984
NT12370_371,perc_covered,62.20619506774453
NT12370_371,perc_unc,37.79380493225547
19,perc_covered,62.14975846382267
19,perc_unc,37.85024153617733
NT12163_299,perc_covered,62.133237604692994
NT12163_299,perc_unc,37.866762395307006
FOC_5.1,perc_covered,62.126166912180814
FOC_5.1,perc_unc,37.873833087819186
NT12264,perc_covered,62.124514763496364
NT12264,perc_unc,37.875485236503636
NT12314_351,perc_covered,62.11970915550714
NT12314_351,perc_unc,37.88029084449286
NT12211_330,perc_covered,62.118162031525294
NT12211_330,perc_unc,37.881837968474706
NT12265,perc_covered,62.11479492263099
NT12265,perc_unc,37.88520507736901
NT12266,perc_covered,62.10892399251357
NT12266,perc_unc,37.89107600748643
NT12263,perc_covered,62.10420171637266
NT12263,perc_unc,37.89579828362734
NT12210_329,perc_covered,62.084540396125966
NT12210_329,perc_unc,37.915459603874034
NT12212_331,perc_covered,62.07187761678804
NT12212_331,perc_unc,37.92812238321196
NT12146_287,perc_covered,62.069882454727235
NT12146_287,perc_unc,37.930117545272765
NT12248,perc_covered,62.056446939460855
NT12248,perc_unc,37.943553060539145
NT12424_394,perc_covered,62.05340614357261
NT12424_394,perc_unc,37.94659385642739
NT12247,perc_covered,62.0408305331001
NT12247,perc_unc,37.9591694668999
NT12459_193,perc_covered,62.03019693460603
NT12459_193,perc_unc,37.96980306539397
NT12595_720,perc_covered,62.017956931728826
NT12595_720,perc_unc,37.982043068271174
NT12156_295,perc_covered,61.98093089602983
NT12156_295,perc_unc,38.01906910397017
NT12371,perc_covered,61.98039075658235
NT12371,perc_unc,38.01960924341765
126,perc_covered,61.973970919151924
126,perc_unc,38.026029080848076
36,perc_covered,61.951268012511775
36,perc_unc,38.048731987488225
NT12306_347,perc_covered,61.95084414241202
NT12306_347,perc_unc,38.04915585758798
NT12279,perc_covered,61.95020369338037
NT12279,perc_unc,38.04979630661963
NT12088_261,perc_covered,61.94371312622508
NT12088_261,perc_unc,38.05628687377492
187,perc_covered,61.93675581466776
187,perc_unc,38.06324418533224
NT12385,perc_covered,61.933994265860825
NT12385,perc_unc,38.066005734139175
83,perc_covered,61.91855330188278
83,perc_unc,38.08144669811722
NT12423_393,perc_covered,61.91549605357542
NT12423_393,perc_unc,38.08450394642458
NT12282,perc_covered,61.90806701137146
NT12282,perc_unc,38.09193298862854
205,perc_covered,61.900465714131414
205,perc_unc,38.099534285868586
NT12234,perc_covered,61.89301049112383
NT12234,perc_unc,38.10698950887617
61,perc_covered,61.88349959670203
61,perc_unc,38.11650040329797
1,perc_covered,61.88208776443901
1,perc_unc,38.11791223556099
NT12305_346,perc_covered,61.86807741320478
NT12305_346,perc_unc,38.13192258679522
65,perc_covered,61.86394839743009
65,perc_unc,38.13605160256991
NT12289,perc_covered,61.85478216363764
NT12289,perc_unc,38.14521783636236
159,perc_covered,61.825245868667864
159,perc_unc,38.174754131332136
NT12158_296,perc_covered,61.82460836570822
NT12158_296,perc_unc,38.17539163429178
NT12159_750,perc_covered,61.81792254990063
NT12159_750,perc_unc,38.18207745009937
NT12281,perc_covered,61.79511926918767
NT12281,perc_unc,38.20488073081233
NT12531_172,perc_covered,61.78656093362862
NT12531_172,perc_unc,38.21343906637138
NT12280,perc_covered,61.77467742681678
NT12280,perc_unc,38.22532257318322
62,perc_covered,61.772778526009375
62,perc_unc,38.227221473990625
NT12432_398,perc_covered,61.77240211720846
NT12432_398,perc_unc,38.22759788279154
NT12055_233,perc_covered,61.76576886810459
NT12055_233,perc_unc,38.23423113189541
38,perc_covered,61.73929226272741
38,perc_unc,38.26070773727259
NT12144_110,perc_covered,61.7369582182437
NT12144_110,perc_unc,38.2630417817563
NT12065_240,perc_covered,61.73097138004422
NT12065_240,perc_unc,38.26902861995578
NT12217_334,perc_covered,61.73068211980682
NT12217_334,perc_unc,38.26931788019318
NT12154_113,perc_covered,61.72140127514035
NT12154_113,perc_unc,38.27859872485965
NT12082_255,perc_covered,61.70200783134256
NT12082_255,perc_unc,38.29799216865744
NT12232_339,perc_covered,61.674321245339534
NT12232_339,perc_unc,38.325678754660466
NT12089_32,perc_covered,61.66631028282822
NT12089_32,perc_unc,38.33368971717178
135,perc_covered,61.65626597933775
135,perc_unc,38.34373402066225
34,perc_covered,61.62605725793339
34,perc_unc,38.37394274206661
NT12010_146,perc_covered,61.61056351495642
NT12010_146,perc_unc,38.38943648504358
NT12171_307,perc_covered,61.60995950214293
NT12171_307,perc_unc,38.39004049785707
NT12396_380,perc_covered,61.60871734686242
NT12396_380,perc_unc,38.39128265313758
NT12160_115,perc_covered,61.60248363603379
NT12160_115,perc_unc,38.39751636396621
64,perc_covered,61.5917438988477
64,perc_unc,38.4082561011523
NT12390_377,perc_covered,61.56043810506606
NT12390_377,perc_unc,38.43956189493394
NT12130_106,perc_covered,61.55890629780454
NT12130_106,perc_unc,38.44109370219546
168,perc_covered,61.55412777404881
168,perc_unc,38.44587222595119
NT12365_368,perc_covered,61.54478352901731
NT12365_368,perc_unc,38.45521647098269
NT12267,perc_covered,61.537086744279875
NT12267,perc_unc,38.462913255720125
169,perc_covered,61.53123178205292
169,perc_unc,38.46876821794708
NT12048_229,perc_covered,61.53083099808251
NT12048_229,perc_unc,38.46916900191749
NT12174_310,perc_covered,61.52623737463793
NT12174_310,perc_unc,38.47376262536207
NT12254,perc_covered,61.507208000568426
NT12254,perc_unc,38.492791999431574
75,perc_covered,61.50218604671226
75,perc_unc,38.49781395328774
NT12330_144,perc_covered,61.499725614398685
NT12330_144,perc_unc,38.500274385601315
151,perc_covered,61.49260330618337
151,perc_unc,38.50739669381663
NT12231,perc_covered,61.4850982380399
NT12231,perc_unc,38.5149017619601
NT12388_376,perc_covered,61.462926548237654
NT12388_376,perc_unc,38.537073451762346
177,perc_covered,61.45504724021856
177,perc_unc,38.54495275978144
NT12215_333,perc_covered,61.44464999358969
NT12215_333,perc_unc,38.55535000641031
NT12616_171,perc_covered,61.442157766373775
NT12616_171,perc_unc,38.557842233626225
NT12359_363,perc_covered,61.43148167873882
NT12359_363,perc_unc,38.56851832126118
100,perc_covered,61.428390003809916
100,perc_unc,38.571609996190084
NT12367_370,perc_covered,61.417595362283784
NT12367_370,perc_unc,38.582404637716216
NT12075_249,perc_covered,61.40047745010623
NT12075_249,perc_unc,38.59952254989377
NT12168_304,perc_covered,61.34323106323468
NT12168_304,perc_unc,38.65676893676532
NT12165_301,perc_covered,61.330421102997256
NT12165_301,perc_unc,38.669578897002744
NT12068_243,perc_covered,61.31543513934618
NT12068_243,perc_unc,38.68456486065382
NT12291,perc_covered,61.29639128460288
NT12291,perc_unc,38.70360871539712
216,perc_covered,61.29085725195147
216,perc_unc,38.70914274804853
101,perc_covered,61.28925152697667
101,perc_unc,38.71074847302333
152,perc_covered,61.283136398676874
152,perc_unc,38.716863601323126
222,perc_covered,61.26300642448839
222,perc_unc,38.73699357551161
NT12233_340,perc_covered,61.257121354956304
NT12233_340,perc_unc,38.742878645043696
NT12255,perc_covered,61.247805117445964
NT12255,perc_unc,38.752194882554036
NT12250,perc_covered,61.23511103652469
NT12250,perc_unc,38.76488896347531
NT12594_719,perc_covered,61.22971040095614
NT12594_719,perc_unc,38.77028959904386
NT12571_696,perc_covered,61.22350977627753
NT12571_696,perc_unc,38.77649022372247
NT12290,perc_covered,61.21800991843784
NT12290,perc_unc,38.78199008156216
NT12326_143,perc_covered,61.20544102884207
NT12326_143,perc_unc,38.79455897115793
NT12218_335,perc_covered,61.20509219514931
NT12218_335,perc_unc,38.79490780485069
NT12238,perc_covered,61.180923304197954
NT12238,perc_unc,38.819076695802046
175,perc_covered,61.16509200560826
175,perc_unc,38.83490799439174
NT12311_350,perc_covered,61.160964782684744
NT12311_350,perc_unc,38.839035217315256
FOC_7.1,perc_covered,61.14563080849585
FOC_7.1,perc_unc,38.85436919150415
NT12198,perc_covered,61.13795130743767
NT12198,perc_unc,38.86204869256233
NT12325_133,perc_covered,61.12039439737737
NT12325_133,perc_unc,38.87960560262263
NT12077_251,perc_covered,61.11001635428619
NT12077_251,perc_unc,38.88998364571381
217,perc_covered,61.10589608873321
217,perc_unc,38.89410391126679
NT12108_95,perc_covered,61.105037205749426
NT12108_95,perc_unc,38.894962794250574
80,perc_covered,61.09858495591378
80,perc_unc,38.90141504408622
NT12151_112,perc_covered,61.090861836644585
NT12151_112,perc_unc,38.909138163355415
NT12230_338,perc_covered,61.06974664254873
NT12230_338,perc_unc,38.93025335745127
33,perc_covered,61.057228972160985
33,perc_unc,38.942771027839015
NT12451_76,perc_covered,61.05463865044395
NT12451_76,perc_unc,38.94536134955605
NT12162_298,perc_covered,61.040955396574724
NT12162_298,perc_unc,38.959044603425276
NT12364_367,perc_covered,61.03334480414064
NT12364_367,perc_unc,38.96665519585936
NT12257_761,perc_covered,61.02968876491852
NT12257_761,perc_unc,38.97031123508148
16,perc_covered,61.028377699400714
16,perc_unc,38.971622300599286
NT12242,perc_covered,61.01921183576291
NT12242,perc_unc,38.98078816423709
NT12213_332,perc_covered,61.01723653839842
NT12213_332,perc_unc,38.98276346160158
176,perc_covered,61.01103165034677
176,perc_unc,38.98896834965323
NT12274,perc_covered,61.00905163284607
NT12274,perc_unc,38.99094836715393
173,perc_covered,60.99422300251827
173,perc_unc,39.00577699748173
161,perc_covered,60.98426813696412
161,perc_unc,39.01573186303588
NT12299_343,perc_covered,60.979675790127864
NT12299_343,perc_unc,39.020324209872136
228,perc_covered,60.953167516748294
228,perc_unc,39.046832483251706
200,perc_covered,60.949101463585606
200,perc_unc,39.050898536414394
NT12126_104,perc_covered,60.946611261583904
NT12126_104,perc_unc,39.053388738416096
164,perc_covered,60.93335042837188
164,perc_unc,39.06664957162812
220,perc_covered,60.9331072820032
220,perc_unc,39.0668927179968
94,perc_covered,60.924532276813196
94,perc_unc,39.075467723186804
56,perc_covered,60.92215297924737
56,perc_unc,39.07784702075263
NT12124_273,perc_covered,60.92148851590105
NT12124_273,perc_unc,39.07851148409895
NT12582_707,perc_covered,60.92015555192541
NT12582_707,perc_unc,39.07984444807459
NT12407_776,perc_covered,60.91533719416945
NT12407_776,perc_unc,39.08466280583055
NT12337_137,perc_covered,60.91466145694344
NT12337_137,perc_unc,39.08533854305656
201,perc_covered,60.89871490389911
201,perc_unc,39.10128509610089
NT12309_349,perc_covered,60.89839193400074
NT12309_349,perc_unc,39.10160806599926
28,perc_covered,60.8944246756377
28,perc_unc,39.1055753243623
184,perc_covered,60.89278310545087
184,perc_unc,39.10721689454913
NT12252,perc_covered,60.86620744585063
NT12252,perc_unc,39.13379255414937
NT12425_395,perc_covered,60.86423832683294
NT12425_395,perc_unc,39.13576167316706
NT12199_325,perc_covered,60.8415779606202
NT12199_325,perc_unc,39.1584220393798
NT12261,perc_covered,60.84072870368187
NT12261,perc_unc,39.15927129631813
NT12422_392,perc_covered,60.82629311100847
NT12422_392,perc_unc,39.17370688899153
NT12302_344,perc_covered,60.82305818368133
NT12302_344,perc_unc,39.17694181631867
NT12312,perc_covered,60.81921435705826
NT12312,perc_unc,39.18078564294174
NT12253,perc_covered,60.81536523020933
NT12253,perc_unc,39.18463476979067
NT12060_237,perc_covered,60.80747009222493
NT12060_237,perc_unc,39.19252990777507
NT12216,perc_covered,60.80694509354734
NT12216,perc_unc,39.19305490645266
NT12202_326,perc_covered,60.79113435954338
NT12202_326,perc_unc,39.20886564045662
NT12328_138,perc_covered,60.763580914852746
NT12328_138,perc_unc,39.236419085147254
NT12069_244,perc_covered,60.760155458328335
NT12069_244,perc_unc,39.239844541671665
NT12260,perc_covered,60.75096269019973
NT12260,perc_unc,39.24903730980027
NT12249,perc_covered,60.730882608114456
NT12249,perc_unc,39.269117391885544
NT12200,perc_covered,60.729070971118745
NT12200,perc_unc,39.270929028881255
NT12602_727,perc_covered,60.72789893709199
NT12602_727,perc_unc,39.27210106290801
NT12331_141,perc_covered,60.71596371461653
NT12331_141,perc_unc,39.28403628538347
NT12251,perc_covered,60.71445033964969
NT12251,perc_unc,39.28554966035031
NT12214,perc_covered,60.714194953455824
NT12214,perc_unc,39.285805046544176
NT12285_763,perc_covered,60.71196476139884
NT12285_763,perc_unc,39.28803523860116
57,perc_covered,60.710638121445335
57,perc_unc,39.289361878554665
NT12097_202,perc_covered,60.706652604811886
NT12097_202,perc_unc,39.293347395188114
199,perc_covered,60.700539814827714
199,perc_unc,39.299460185172286
NT12391_773,perc_covered,60.69967720804087
NT12391_773,perc_unc,39.30032279195913
NT12387_771,perc_covered,60.69759766474513
NT12387_771,perc_unc,39.30240233525487
NT12104_93,perc_covered,60.69377553600875
NT12104_93,perc_unc,39.30622446399125
NT12420_390,perc_covered,60.68539149766973
NT12420_390,perc_unc,39.31460850233027
134,perc_covered,60.649720550405775
134,perc_unc,39.350279449594225
97,perc_covered,60.63812116405409
97,perc_unc,39.36187883594591
128,perc_covered,60.63778129570439
128,perc_unc,39.36221870429561
NT12286_764,perc_covered,60.63531803659599
NT12286_764,perc_unc,39.36468196340401
107,perc_covered,60.63075410047778
107,perc_unc,39.36924589952222
1.3,perc_covered,60.6162388455534
1.3,perc_unc,39.3837611544466
NT12389_772,perc_covered,60.606419782210786
NT12389_772,perc_unc,39.393580217789214
NT12096_3,perc_covered,60.60246707504694
NT12096_3,perc_unc,39.39753292495306
162,perc_covered,60.59726570704284
162,perc_unc,39.40273429295716
NT12142,perc_covered,60.577974005242964
NT12142,perc_unc,39.422025994757036
90,perc_covered,60.577242511241444
90,perc_unc,39.422757488758556
160,perc_covered,60.56767454219132
160,perc_unc,39.43232545780868
25,perc_covered,60.55732212430034
25,perc_unc,39.44267787569966
NT12225,perc_covered,60.529615720901774
NT12225,perc_unc,39.470384279098226
NT12300,perc_covered,60.52628715841304
NT12300,perc_unc,39.47371284158696
NT12449_33,perc_covered,60.504131606052795
NT12449_33,perc_unc,39.495868393947205
NT12357,perc_covered,60.46912762741644
NT12357,perc_unc,39.53087237258356
FOC_3,perc_covered,60.46330611886855
FOC_3,perc_unc,39.53669388113145
239,perc_covered,60.4553082163463
239,perc_unc,39.5446917836537
183,perc_covered,60.42816609575126
183,perc_unc,39.57183390424874
112,perc_covered,60.42030805349285
112,perc_unc,39.57969194650715
NT12262_762,perc_covered,60.40285104991972
NT12262_762,perc_unc,39.59714895008028
NT12345,perc_covered,60.394132271985534
NT12345,perc_unc,39.605867728014466
NT12227,perc_covered,60.37249160761631
NT12227,perc_unc,39.62750839238369
NT12170_306,perc_covered,60.36606589178257
NT12170_306,perc_unc,39.63393410821743
NT12284,perc_covered,60.36567290834236
NT12284,perc_unc,39.63432709165764
204,perc_covered,60.35903307304174
204,perc_unc,39.64096692695826
NT12607_732,perc_covered,60.341826149232546
NT12607_732,perc_unc,39.658173850767454
24,perc_covered,60.33697368757461
24,perc_unc,39.66302631242539
NT12276,perc_covered,60.322097061553805
NT12276,perc_unc,39.677902938446195
145,perc_covered,60.31235870610696
145,perc_unc,39.68764129389304
NT12272,perc_covered,60.308924001099896
NT12272,perc_unc,39.691075998900104
NT12054_232,perc_covered,60.30429408875617
NT12054_232,perc_unc,39.69570591124383
NT12153_293,perc_covered,60.29793715446381
NT12153_293,perc_unc,39.70206284553619
NT12056_234,perc_covered,60.27959577309221
NT12056_234,perc_unc,39.72040422690779
NT12439,perc_covered,60.27034177804087
NT12439,perc_unc,39.72965822195913
NT12301,perc_covered,60.26991921590798
NT12301,perc_unc,39.73008078409202
NT12040_50,perc_covered,60.255518441760856
NT12040_50,perc_unc,39.744481558239144
50,perc_covered,60.25046336284896
50,perc_unc,39.74953663715104
NT12273,perc_covered,60.24147753434438
NT12273,perc_unc,39.75852246565562
NT12338_2,perc_covered,60.24112855149745
NT12338_2,perc_unc,39.75887144850255
115,perc_covered,60.19951065859096
115,perc_unc,39.80048934140904
NT12402,perc_covered,60.197941443738024
NT12402,perc_unc,39.802058556261976
NT12147_288,perc_covered,60.19418957671322
NT12147_288,perc_unc,39.80581042328678
NT12322,perc_covered,60.19276813032691
NT12322,perc_unc,39.80723186967309
NT12546_671,perc_covered,60.19054952783984
NT12546_671,perc_unc,39.80945047216016
NT12053_55,perc_covered,60.18795169595235
NT12053_55,perc_unc,39.81204830404765
NT12318,perc_covered,60.18687274573472
NT12318,perc_unc,39.81312725426528
NT12446,perc_covered,60.18529044874394
NT12446,perc_unc,39.81470955125606
NT12537_662,perc_covered,60.16660567696265
NT12537_662,perc_unc,39.83339432303735
NT12397,perc_covered,60.16149169879051
NT12397,perc_unc,39.83850830120949
NT12560_685,perc_covered,60.15817978577481
NT12560_685,perc_unc,39.84182021422519
NT12062_239,perc_covered,60.155012615924186
NT12062_239,perc_unc,39.844987384075814
26,perc_covered,60.154512487039014
26,perc_unc,39.845487512960986
NT12027_219,perc_covered,60.14801831604495
NT12027_219,perc_unc,39.85198168395505
211,perc_covered,60.144653145036884
211,perc_unc,39.855346854963116
59,perc_covered,60.130229446759564
59,perc_unc,39.869770553240436
NT12559_684,perc_covered,60.1252791853365
NT12559_684,perc_unc,39.8747208146635
NT12460_195,perc_covered,60.09304293326822
NT12460_195,perc_unc,39.90695706673178
NT12019_36,perc_covered,60.04024884742286
NT12019_36,perc_unc,39.95975115257714
NT12018_216,perc_covered,60.03365273608866
NT12018_216,perc_unc,39.96634726391134
NT12577_702,perc_covered,60.02810520900839
NT12577_702,perc_unc,39.97189479099161
NT12304,perc_covered,59.99596517307284
NT12304,perc_unc,40.00403482692716
NT12222,perc_covered,59.99068692209883
NT12222,perc_unc,40.00931307790117
NT12567_692,perc_covered,59.98009363125883
NT12567_692,perc_unc,40.01990636874117
166,perc_covered,59.97109624576067
166,perc_unc,40.02890375423933
NT12409,perc_covered,59.95670084702471
NT12409,perc_unc,40.04329915297529
NT12127_105,perc_covered,59.94646681575091
NT12127_105,perc_unc,40.05353318424909
223,perc_covered,59.941500191660545
223,perc_unc,40.058499808339455
224,perc_covered,59.93463199015541
224,perc_unc,40.06536800984459
NT12140_283,perc_covered,59.92480110975422
NT12140_283,perc_unc,40.07519889024578
98,perc_covered,59.92047698508705
98,perc_unc,40.07952301491295
NT12167_303,perc_covered,59.880944162069405
NT12167_303,perc_unc,40.119055837930595
NT12208,perc_covered,59.86878693741476
NT12208,perc_unc,40.13121306258524
NT12379,perc_covered,59.860746136861074
NT12379,perc_unc,40.139253863138926
69,perc_covered,59.838991622050074
69,perc_unc,40.161008377949926
186,perc_covered,59.83763524050586
186,perc_unc,40.16236475949414
NT12195_148,perc_covered,59.766636066432625
NT12195_148,perc_unc,40.233363933567375
22,perc_covered,59.76394877008347
22,perc_unc,40.23605122991653
NT12416,perc_covered,59.76059752820895
NT12416,perc_unc,40.23940247179105
165,perc_covered,59.75569344575861
165,perc_unc,40.24430655424139
NT12157_114,perc_covered,59.75348557506488
NT12157_114,perc_unc,40.24651442493512
49,perc_covered,59.71151813360566
49,perc_unc,40.28848186639434
NT12057_235,perc_covered,59.698437012106034
NT12057_235,perc_unc,40.301562987893966
119,perc_covered,59.697098178528876
119,perc_unc,40.302901821471124
NT12540_665,perc_covered,59.695618788837066
NT12540_665,perc_unc,40.304381211162934
NT12192_27,perc_covered,59.69026047954784
NT12192_27,perc_unc,40.30973952045216
NT12102_92,perc_covered,59.6867819157329
NT12102_92,perc_unc,40.3132180842671
NT12129,perc_covered,59.67559704728706
NT12129,perc_unc,40.32440295271294
NT12340_27,perc_covered,59.668258838695664
NT12340_27,perc_unc,40.331741161304336
NT12178_314,perc_covered,59.658242354623724
NT12178_314,perc_unc,40.341757645376276
NT12448_16,perc_covered,59.65732897379945
NT12448_16,perc_unc,40.34267102620055
23,perc_covered,59.643805230326684
23,perc_unc,40.356194769673316
NT12447_15,perc_covered,59.63146350064055
NT12447_15,perc_unc,40.36853649935945
NT12221_759,perc_covered,59.62835862717238
NT12221_759,perc_unc,40.37164137282762
NT12219_757,perc_covered,59.626845942769336
NT12219_757,perc_unc,40.373154057230664
NT12092_10,perc_covered,59.60167219606374
NT12092_10,perc_unc,40.39832780393626
120,perc_covered,59.59869416051242
120,perc_unc,40.40130583948758
NT12585_710,perc_covered,59.55416764728334
NT12585_710,perc_unc,40.44583235271666
NT12269,perc_covered,59.51226794783013
NT12269,perc_unc,40.48773205216987
NT12270,perc_covered,59.51185754701696
NT12270,perc_unc,40.48814245298304
NT12132_277,perc_covered,59.451175720173374
NT12132_277,perc_unc,40.548824279826626
68,perc_covered,59.44375971834355
68,perc_unc,40.55624028165645
NT12176_312,perc_covered,59.43144759354454
NT12176_312,perc_unc,40.56855240645546
84,perc_covered,59.42790788546123
84,perc_unc,40.57209211453877
NT12332_139,perc_covered,59.417168489498366
NT12332_139,perc_unc,40.582831510501634
NT12073_247,perc_covered,59.39449894874295
NT12073_247,perc_unc,40.60550105125705
29,perc_covered,59.37263128567156
29,perc_unc,40.62736871432844
71,perc_covered,59.35488091248503
71,perc_unc,40.64511908751497
123,perc_covered,59.33955304887899
123,perc_unc,40.66044695112101
102,perc_covered,59.32470822773044
102,perc_unc,40.67529177226956
NT12015_11,perc_covered,59.28297823391703
NT12015_11,perc_unc,40.71702176608297
125,perc_covered,59.28192334664965
125,perc_unc,40.71807665335035
NT12592_717,perc_covered,59.251802025260936
NT12592_717,perc_unc,40.748197974739064
NT12358_362,perc_covered,59.24503920670142
NT12358_362,perc_unc,40.75496079329858
63,perc_covered,59.229398933222924
63,perc_unc,40.770601066777076
207,perc_covered,59.185394755662145
207,perc_unc,40.814605244337855
NT12310_767,perc_covered,59.18280544936035
NT12310_767,perc_unc,40.81719455063965
9,perc_covered,59.15643381638564
9,perc_unc,40.84356618361436
146,perc_covered,59.12844524099936
146,perc_unc,40.87155475900064
NT12194_61,perc_covered,59.065568032974035
NT12194_61,perc_unc,40.934431967025965
NT12410,perc_covered,59.05049165200842
NT12410,perc_unc,40.94950834799158
NT12143_286,perc_covered,59.0368879436642
NT12143_286,perc_unc,40.9631120563358
NT12220_758,perc_covered,59.03258984627416
NT12220_758,perc_unc,40.96741015372584
NT12334_145,perc_covered,58.967978383397856
NT12334_145,perc_unc,41.032021616602144
NT12333_140,perc_covered,58.95293960709097
NT12333_140,perc_unc,41.04706039290903
NT12361_364,perc_covered,58.93917225650732
NT12361_364,perc_unc,41.06082774349268
NT12025_40,perc_covered,58.93115463257897
NT12025_40,perc_unc,41.06884536742103
NT12430,perc_covered,58.92837305111811
NT12430,perc_unc,41.07162694888189
NT12341_194,perc_covered,58.9160777949589
NT12341_194,perc_unc,41.0839222050411
219,perc_covered,58.91402880900101
219,perc_unc,41.08597119099899
NT12133_278,perc_covered,58.87835485173615
NT12133_278,perc_unc,41.12164514826385
NT12411,perc_covered,58.8666202303824
NT12411,perc_unc,41.1333797696176
225,perc_covered,58.84879151419295
225,perc_unc,41.15120848580705
148,perc_covered,58.84656639213387
148,perc_unc,41.15343360786613
93,perc_covered,58.84095949597483
93,perc_unc,41.15904050402517
NT12453_78,perc_covered,58.83736555330462
NT12453_78,perc_unc,41.16263444669538
NT12336_136,perc_covered,58.814225174898546
NT12336_136,perc_unc,41.185774825101454
NT12061_238,perc_covered,58.80527149391703
NT12061_238,perc_unc,41.19472850608297
NT12454_79,perc_covered,58.80274802179021
NT12454_79,perc_unc,41.19725197820979
206,perc_covered,58.80080631835853
206,perc_unc,41.19919368164147
NT12566_691,perc_covered,58.77438541466463
NT12566_691,perc_unc,41.22561458533537
106,perc_covered,58.76493823611229
106,perc_unc,41.23506176388771
NT12363_366,perc_covered,58.75929089970443
NT12363_366,perc_unc,41.24070910029557
NT12292_766,perc_covered,58.756078291947986
NT12292_766,perc_unc,41.243921708052014
NT12166_302,perc_covered,58.739520946817
NT12166_302,perc_unc,41.260479053183
NT12058_236,perc_covered,58.737148948961135
NT12058_236,perc_unc,41.262851051038865
NT12545_670,perc_covered,58.726005824086904
NT12545_670,perc_unc,41.273994175913096
108,perc_covered,58.716693453341826
108,perc_unc,41.283306546658174
NT12583_708,perc_covered,58.71372710163194
NT12583_708,perc_unc,41.28627289836806
NT12393_774,perc_covered,58.68861097876693
NT12393_774,perc_unc,41.31138902123307
NT12277,perc_covered,58.680073514468326
NT12277,perc_unc,41.319926485531674
NT12549_674,perc_covered,58.665435977402815
NT12549_674,perc_unc,41.334564022597185
NT12591_716,perc_covered,58.65851246246321
NT12591_716,perc_unc,41.34148753753679
NT12375,perc_covered,58.65668580085471
NT12375,perc_unc,41.34331419914529
153,perc_covered,58.65322853334719
153,perc_unc,41.34677146665281
NT12145_111,perc_covered,58.64327285638941
NT12145_111,perc_unc,41.35672714361059
130,perc_covered,58.6249769463348
130,perc_unc,41.3750230536652
NT12197_151,perc_covered,58.59380750168703
NT12197_151,perc_unc,41.40619249831297
NT12572_697,perc_covered,58.584018755400066
NT12572_697,perc_unc,41.415981244599934
NT12175_311,perc_covered,58.568275787764755
NT12175_311,perc_unc,41.431724212235245
NT12323,perc_covered,58.4933374700369
NT12323,perc_unc,41.5066625299631
111,perc_covered,58.488951423255195
111,perc_unc,41.511048576744805
NT12072_58,perc_covered,58.45963645256745
NT12072_58,perc_unc,41.54036354743255
NT12539_664,perc_covered,58.458722771448905
NT12539_664,perc_unc,41.541277228551095
143,perc_covered,58.44798900690689
143,perc_unc,41.55201099309311
NT12059_56,perc_covered,58.42136656609587
NT12059_56,perc_unc,41.57863343390413
NT12136_108,perc_covered,58.41960784619378
NT12136_108,perc_unc,41.58039215380622
NT12283,perc_covered,58.38560458283107
NT12283,perc_unc,41.61439541716893
NT12535_660,perc_covered,58.37837286614591
NT12535_660,perc_unc,41.62162713385409
NT12155_294,perc_covered,58.36584209337229
NT12155_294,perc_unc,41.63415790662771
NT12177_313,perc_covered,58.34430751245749
NT12177_313,perc_unc,41.65569248754251
NT12193_86,perc_covered,58.334060578230954
NT12193_86,perc_unc,41.665939421769046
77,perc_covered,58.331107552431114
77,perc_unc,41.668892447568886
NT12223_336,perc_covered,58.30013983764503
NT12223_336,perc_unc,41.69986016235497
NT12287,perc_covered,58.29988614062932
NT12287,perc_unc,41.70011385937068
NT12618_181,perc_covered,58.206817031669985
NT12618_181,perc_unc,41.793182968330015
NT12395,perc_covered,58.20046069362732
NT12395,perc_unc,41.79953930637268
NT12324,perc_covered,58.1607559285832
NT12324,perc_unc,41.8392440714168
NT12590_715,perc_covered,58.14818909640383
NT12590_715,perc_unc,41.85181090359617
NT12201,perc_covered,58.11341755496772
NT12201,perc_unc,41.88658244503228
NT12452_77,perc_covered,58.084889889560564
NT12452_77,perc_unc,41.915110110439436
27,perc_covered,58.03897495301214
27,perc_unc,41.96102504698786
NT12362_365,perc_covered,58.01631514801356
NT12362_365,perc_unc,41.98368485198644
NT12552_677,perc_covered,58.001125807782316
NT12552_677,perc_unc,41.998874192217684
NT12297,perc_covered,57.99825164290873
NT12297,perc_unc,42.00174835709127
NT12296,perc_covered,57.97654182761526
NT12296,perc_unc,42.02345817238474
NT12543_668,perc_covered,57.953707889508244
NT12543_668,perc_unc,42.046292110491756
NT12570_695,perc_covered,57.94534537348698
NT12570_695,perc_unc,42.05465462651302
NT12603_728,perc_covered,57.92840976972796
NT12603_728,perc_unc,42.07159023027204
NT12534_659,perc_covered,57.890963033960766
NT12534_659,perc_unc,42.109036966039234
NT12295,perc_covered,57.86738603342649
NT12295,perc_unc,42.13261396657351
NT12228,perc_covered,57.84690540706017
NT12228,perc_unc,42.15309459293983
NT12114_99,perc_covered,57.74996463395594
NT12114_99,perc_unc,42.25003536604406
NT12066_241,perc_covered,57.67140681919795
NT12066_241,perc_unc,42.32859318080205
NT12303_345,perc_covered,57.64432735586396
NT12303_345,perc_unc,42.35567264413604
NT12601_726,perc_covered,57.63788006200772
NT12601_726,perc_unc,42.36211993799228
185,perc_covered,57.63213749355776
185,perc_unc,42.36786250644224
NT12137_109,perc_covered,57.62373453368769
NT12137_109,perc_unc,42.37626546631231
NT12558_683,perc_covered,57.58896777749952
NT12558_683,perc_unc,42.41103222250048
NT12329_142,perc_covered,57.54697789747421
NT12329_142,perc_unc,42.45302210252579
NT12294_341,perc_covered,57.51430857823925
NT12294_341,perc_unc,42.48569142176075
NT12562_687,perc_covered,57.4853529133535
NT12562_687,perc_unc,42.5146470866465
NT12203,perc_covered,57.47542426000257
NT12203,perc_unc,42.52457573999743
NT12573_698,perc_covered,57.42482710968256
NT12573_698,perc_unc,42.57517289031744
NT12586_711,perc_covered,57.40619548118118
NT12586_711,perc_unc,42.59380451881882
NT12547_672,perc_covered,57.35371745976542
NT12547_672,perc_unc,42.64628254023458
NT12007_60,perc_covered,57.335972333876185
NT12007_60,perc_unc,42.664027666123815
NT12196_324,perc_covered,57.325958476156266
NT12196_324,perc_unc,42.674041523843734
NT12205_756,perc_covered,57.30538675599794
NT12205_756,perc_unc,42.69461324400206
NT12244,perc_covered,57.29620527888801
NT12244,perc_unc,42.70379472111199
NT12128_275,perc_covered,57.10883754606792
NT12128_275,perc_unc,42.89116245393208
NT12206,perc_covered,57.10162670686467
NT12206,perc_unc,42.89837329313533
NT12243,perc_covered,57.0828683817531
NT12243,perc_unc,42.9171316182469
NT12576_701,perc_covered,57.07259603722029
NT12576_701,perc_unc,42.92740396277971
NT12204_755,perc_covered,57.05867109276309
NT12204_755,perc_unc,42.94132890723691
NT12441,perc_covered,57.05336500302152
NT12441,perc_unc,42.94663499697848
18,perc_covered,57.036030013745034
18,perc_unc,42.963969986254966
NT12191_751,perc_covered,57.02704290809586
NT12191_751,perc_unc,42.97295709190414
NT12550_675,perc_covered,56.93056321483453
NT12550_675,perc_unc,43.06943678516547
NT12235,perc_covered,56.795680528763604
NT12235,perc_unc,43.204319471236396
NT12605_730,perc_covered,56.77379108666051
NT12605_730,perc_unc,43.22620891333949
NT12589_714,perc_covered,56.76858736609229
NT12589_714,perc_unc,43.23141263390771
NT12612_737,perc_covered,56.75305638452046
NT12612_737,perc_unc,43.24694361547954
NT12574_699,perc_covered,56.67440647531385
NT12574_699,perc_unc,43.32559352468615
NT12052_231,perc_covered,56.59502129752303
NT12052_231,perc_unc,43.40497870247697
NT12615_740,perc_covered,56.51650532649705
NT12615_740,perc_unc,43.48349467350295
NT12533_5,perc_covered,56.423277351262435
NT12533_5,perc_unc,43.576722648737565
NT12600_725,perc_covered,56.102237931495324
NT12600_725,perc_unc,43.897762068504676
NT12412_386,perc_covered,56.048062640288464
NT12412_386,perc_unc,43.951937359711536
NT12561_686,perc_covered,55.94049616311349
NT12561_686,perc_unc,44.05950383688651
NT12565_690,perc_covered,55.92006182695391
NT12565_690,perc_unc,44.07993817304609
39,perc_covered,55.80249889619785
39,perc_unc,44.19750110380215
NT12581_706,perc_covered,55.76734267121807
NT12581_706,perc_unc,44.23265732878193
NT12288_765,perc_covered,55.67780683515298
NT12288_765,perc_unc,44.32219316484702
NT12372_372,perc_covered,55.54226429559683
NT12372_372,perc_unc,44.45773570440317
NT12563_688,perc_covered,55.439152366319234
NT12563_688,perc_unc,44.560847633680766
NT12462_213,perc_covered,55.375137354708414
NT12462_213,perc_unc,44.624862645291586
NT12245,perc_covered,55.13894525620652
NT12245,perc_unc,44.86105474379348
NT12557_682,perc_covered,55.12857844816398
NT12557_682,perc_unc,44.87142155183602
NT12064_748,perc_covered,55.12675554489361
NT12064_748,perc_unc,44.87324445510639
NT12313,perc_covered,55.11912405864978
NT12313,perc_unc,44.88087594135022
NT12575_700,perc_covered,54.97443778544646
NT12575_700,perc_unc,45.02556221455354
NT12551_676,perc_covered,54.956983429032725
NT12551_676,perc_unc,45.043016570967275
NT12568_693,perc_covered,54.94862736875129
NT12568_693,perc_unc,45.05137263124871
NT12569_694,perc_covered,54.745414440963046
NT12569_694,perc_unc,45.254585559036954
NT12536_661,perc_covered,54.72915904299723
NT12536_661,perc_unc,45.27084095700277
NT12598_723,perc_covered,54.54012668235968
NT12598_723,perc_unc,45.45987331764032
NT12580_705,perc_covered,54.50632692598057
NT12580_705,perc_unc,45.49367307401943
NT12071_246,perc_covered,54.05955360666699
NT12071_246,perc_unc,45.94044639333301
NT12587_712,perc_covered,54.000082629974365
NT12587_712,perc_unc,45.999917370025635
NT12609_734,perc_covered,53.95862350430257
NT12609_734,perc_unc,46.04137649569743
89,perc_covered,53.956285197840025
89,perc_unc,46.043714802159975
NT12597_722,perc_covered,53.59172599986876
NT12597_722,perc_unc,46.40827400013124
NT12593_718,perc_covered,53.54412022021482
NT12593_718,perc_unc,46.45587977978518
NT12599_724,perc_covered,53.479559310872425
NT12599_724,perc_unc,46.520440689127575
NT12209,perc_covered,53.34216282247838
NT12209,perc_unc,46.65783717752162
NT12588_713,perc_covered,53.189966736405346
NT12588_713,perc_unc,46.810033263594654
192,perc_covered,52.970307545372265
192,perc_unc,47.029692454627735
NT12378_769,perc_covered,52.95404434724315
NT12378_769,perc_unc,47.04595565275685
NT12555_680,perc_covered,52.31343058890061
NT12555_680,perc_unc,47.68656941109939
NT12398_775,perc_covered,52.24650069048025
NT12398_775,perc_unc,47.75349930951975
NT12611_736,perc_covered,51.96081602132456
NT12611_736,perc_unc,48.03918397867544
NT12556_681,perc_covered,51.9380042741029
NT12556_681,perc_unc,48.0619957258971
NT12538_663,perc_covered,51.889930142116214
NT12538_663,perc_unc,48.110069857883786
NT12256,perc_covered,51.851815773566756
NT12256,perc_unc,48.148184226433244
NT12135_280,perc_covered,51.7934279727572
NT12135_280,perc_unc,48.2065720272428
NT12604_729,perc_covered,51.18634797437419
NT12604_729,perc_unc,48.81365202562581
NT12610_735,perc_covered,50.86798445334928
NT12610_735,perc_unc,49.13201554665072
NT12384_770,perc_covered,50.160234654821544
NT12384_770,perc_unc,49.839765345178456
NT12553_678,perc_covered,50.1182012469984
NT12553_678,perc_unc,49.8817987530016
NT12161_297,perc_covered,49.963313290078574
NT12161_297,perc_unc,50.036686709921426
NT12579_704,perc_covered,49.59824614942679
NT12579_704,perc_unc,50.40175385057321
NT12224_760,perc_covered,49.36951509989687
NT12224_760,perc_unc,50.63048490010313
NT12554_679,perc_covered,49.01824960502772
NT12554_679,perc_unc,50.98175039497228
NT12608_733,perc_covered,48.560199304948036
NT12608_733,perc_unc,51.439800695051964
NT12614_739,perc_covered,48.371442114116086
NT12614_739,perc_unc,51.628557885883914
NT12164_300,perc_covered,48.10317839616784
NT12164_300,perc_unc,51.89682160383216
NT12606_731,perc_covered,46.537708137121534
NT12606_731,perc_unc,53.462291862878466
157,perc_covered,42.098560251274805
157,perc_unc,57.901439748725195
NT12009_154,perc_covered,38.099209475428545
NT12009_154,perc_unc,61.900790524571455
NT12169_305,perc_covered,31.60837123799139
NT12169_305,perc_unc,68.39162876200861
NT12226_337,perc_covered,28.111075332703756
NT12226_337,perc_unc,71.88892466729624
NT12229,perc_covered,27.50305085541292
NT12229,perc_unc,72.49694914458708
